Person_ID,Crash_Date,Crash_Location,Victim,Longitude,Latitude,Location
O1538374,03/19/2023 11:30:00 AM,2400 S WENTWORTH AVE,PEDESTRIAN,-87.63207812,41.84911545,POINT (-87.63207812 41.84911545)
O706822,07/31/2019 04:55:00 PM,2800 W COLUMBUS AVE,PEDESTRIAN,-87.69301,41.754821,POINT (-87.69301 41.754821)
O1506700,01/27/2023 05:46:00 PM,5049 W WASHINGTON BLVD,PEDESTRIAN,-87.75216366,41.88161789,POINT (-87.75216366 41.88161789)
P256162,07/17/2021 01:35:00 AM,5050 S ARCHER,PASSENGER,-87.72637277,41.80134967,POINT (-87.72637277 41.80134967)
O858408,03/09/2020 06:39:00 AM,1610 W 79TH ST,PEDESTRIAN,-87.66386,41.750457,POINT (-87.66386 41.750457)
O783901,11/17/2019 01:38:00 AM,6709 S STONY ISLAND AVE,CYCLIST,-87.58595,41.773028,POINT (-87.58595 41.773028)
O1295669,03/10/2022 01:39:00 PM,12400 S MICHIGAN AVE,DRIVER,-87.62034987,41.66890524,POINT (-87.62034987 41.66890524)
O1249011,12/19/2021 01:20:00 AM,6300  S STONY ISLAND AVE,DRIVER,-87.58659137,41.77966308,POINT (-87.58659137 41.77966308)
O1195697,09/30/2021 11:11:00 PM,9104 S VINCENNES AVE,DRIVER,-87.64816707,41.72852791,POINT (-87.64816707 41.72852791)
O1505719,01/26/2023 12:23:00 PM,335 S LARAMIE AVE,PEDESTRIAN,-87.75474498,41.87571235,POINT (-87.75474498 41.87571235)
O999267,11/24/2020 12:30:00 PM,3231 W 26TH ST,PEDESTRIAN,-87.60497,41.736602,POINT (-87.60497 41.736602)
O1371060,07/02/2022 05:50:00 PM,701 S PULASKI RD,MOTORCYCLIST,-87.72525319,41.87249774,POINT (-87.72525319 41.87249774)
O1267254,01/22/2022 05:40:00 AM,3117 W POPE JOHN PAUL II DR,DRIVER,-87.70238045,41.81542877,POINT (-87.70238045 41.81542877)
O978009,10/14/2020 02:37:00 PM,2605 W VAN BUREN ST,PASSENGER,-87.68478,41.831973,POINT (-87.68478 41.831973)
O556614,01/03/2019 03:01:00 PM,4400 N CENTRAL AVE,PEDESTRIAN,-87.76739,41.960528,POINT (-87.76739 41.960528)
O1431490,10/01/2022 11:01:00 AM,3800 W MADISON,DRIVER,-87.72088123,41.88089727,POINT (-87.72088123 41.88089727)
O1565463,04/30/2023 05:25:00 AM,5538 W CHICAGO AVE,DRIVER,-87.7652251,41.89496673,POINT (-87.7652251 41.89496673)
P173037,10/08/2019 05:39:00 AM,3600 S TRUMBULL AVE,PASSENGER,-87.71128,41.844341,POINT (-87.71128 41.844341)
O1299571,03/16/2022 07:37:00 PM,10934 S WESTERN AVE,PEDESTRIAN,-87.68139222,41.69457793,POINT (-87.68139222 41.69457793)
P232662,01/23/2021 11:30:00 PM,8299 S STONY ISLAND AVE,PASSENGER,-87.58523,41.744297,POINT (-87.58523 41.744297)
O1065362,03/25/2021 07:36:00 PM,5100 S MICHIGAN AVE,PEDESTRIAN,-87.62279,41.801897,POINT (-87.62279 41.801897)
O901021,06/17/2020 03:00:00 AM,3300 W 87TH ST,PASSENGER,-87.72607,41.897309,POINT (-87.72607 41.897309)
P306921,07/16/2022 12:53:00 PM,10730 S VINCENNES AVE,PASSENGER,-87.65920347,41.69858237,POINT (-87.65920347 41.69858237)
O1473988,12/03/2022 07:53:00 PM,7001 S STONY ISLAND AVE,PEDESTRIAN,-87.58581992,41.76779762,POINT (-87.58581992 41.76779762)
O808413,12/23/2019 04:26:00 AM,8031 S LAKE SHORE DR,DRIVER,-87.54123,41.749509,POINT (-87.54123 41.749509)
O1642562,08/20/2023 12:55:00 AM,5229 W NORTH AVE,PEDESTRIAN,-87.75682428,41.90937877,POINT (-87.75682428 41.90937877)
O953575,09/06/2020 11:20:00 PM,3358 W 114TH ST,PEDESTRIAN,-87.61633,41.805032,POINT (-87.61633 41.805032)
O1052569,02/28/2021 08:00:00 PM,7700 S RACINE AVE,DRIVER,-87.65398,41.754044,POINT (-87.65398 41.754044)
O1131714,07/03/2021 01:13:00 AM,5359 W BELMONT AVE,DRIVER,-87.76147057,41.93852924,POINT (-87.76147057 41.93852924)
O573953,01/21/2019 08:56:00 PM,10355 S KEDZIE AVE,DRIVER,-87.70114,41.704506,POINT (-87.70114 41.704506)
O1230144,11/19/2021 11:01:00 AM,2323 W 111TH ST,PEDESTRIAN,-87.67977917,41.6916792,POINT (-87.67977917 41.6916792)
O814537,01/01/2020 11:18:00 PM,1448 W 112TH PL,DRIVER,-87.65875,41.689427,POINT (-87.65875 41.689427)
O992235,11/11/2020 01:48:00 AM,5983 W JACKSON BLVD,DRIVER,-87.70612,41.844393,POINT (-87.70612 41.844393)
P273788,11/07/2021 09:01:00 PM,7400 S ASHLAND AVE,PASSENGER,-87.66378572,41.7593684,POINT (-87.66378572 41.7593684)
O1202666,10/10/2021 05:09:00 PM,4201 N MARINE DR,PEDESTRIAN,-87.64633753,41.95859292,POINT (-87.64633753 41.95859292)
O1562650,04/10/2023 04:05:00 AM,6100 S CICERO AVE,DRIVER,-87.74255508,41.78198966,POINT (-87.74255508 41.78198966)
O1360206,06/09/2022 08:18:00 AM,1101 W LELAND AVE,CYCLIST,-87.6575751,41.96711637,POINT (-87.6575751 41.96711637)
O1466179,11/20/2022 05:35:00 PM,3612 E 105TH ST,PEDESTRIAN,-87.53568162,41.70455857,POINT (-87.53568162 41.70455857)
,03/05/2020 06:34:00 PM,REPORTED BY EXTERNAL POLICE DEPARTMENT,PEDESTRIAN,-87.88940645,41.99921279,POINT (-87.88940645 41.99921279)
O1604513,06/23/2023 04:44:00 AM,4001 W 59TH ST,DRIVER,-87.72301907,41.78582569,POINT (-87.72301907 41.78582569)
O930863,08/02/2020 10:41:00 PM,4005 W 36TH ST,PEDESTRIAN,-87.6655,41.833963,POINT (-87.6655 41.833963)
,12/26/2022 07:50:00 PM,N AUSTIN BLVD & DIVISION ST,PEDESTRIAN,-87.77534895,41.90200002,POINT (-87.77534895 41.90200002)
O580145,02/06/2019 03:35:00 PM,4325 W NORTH AVE,PEDESTRIAN,-87.73482,41.909665,POINT (-87.73482 41.909665)
P280617,12/30/2021 11:46:00 PM,3234 W DIVISION ST,PASSENGER,-87.70811951,41.9029286,POINT (-87.70811951 41.9029286)
P280573,12/30/2021 06:26:00 PM,7600 W FOREST PRESERVE AVE,PASSENGER,-87.81707837,41.94921087,POINT (-87.81707837 41.94921087)
O685933,07/03/2019 09:53:00 PM,6900 S STONY ISLAND AVE,DRIVER,-87.58638,41.76965,POINT (-87.58638 41.76965)
O1391467,08/02/2022 09:30:00 PM,4010 W FIFTH AVE,PEDESTRIAN,-87.72593055,41.87296446,POINT (-87.72593055 41.87296446)
O1427712,09/25/2022 11:30:00 PM,4355 S ARCHER AVE,DRIVER,-87.70356218,41.81436814,POINT (-87.70356218 41.81436814)
O869239,04/04/2020 09:50:00 PM,4222 W MADISON ST,PEDESTRIAN,-87.73154,41.880766,POINT (-87.73154 41.880766)
O1335186,05/11/2022 01:06:00 PM,2101 W PETERSON AVE,PEDESTRIAN,-87.68258356,41.99051688,POINT (-87.68258356 41.99051688)
O1692049,10/29/2023 02:45:00 PM,9131 S DR MARTIN LUTHER KING JR DR,PEDESTRIAN,-87.61416741,41.72833229,POINT (-87.61416741 41.72833229)
O1280588,02/12/2022 04:25:00 PM,4324 N NARRAGANSETT AVE,DRIVER,-87.78679585,41.95915191,POINT (-87.78679585 41.95915191)
O1652742,09/02/2023 08:34:00 PM,6900 S SOUTH CHICAGO AVE,MOTORCYCLIST,-87.61052286,41.76925878,POINT (-87.61052286 41.76925878)
O1227763,11/15/2021 12:51:00 AM,5907 W WENTWORTH AVE,DRIVER,-87.63016381,41.78702847,POINT (-87.63016381 41.78702847)
O1407732,08/28/2022 01:35:00 AM,6459 S CICERO AVE,PEDESTRIAN,-87.7420245,41.77487649,POINT (-87.7420245 41.77487649)
O881736,05/10/2020 12:27:00 AM,6636 S CORNELL DR,PEDESTRIAN,-87.58551,41.774143,POINT (-87.58551 41.774143)
P353880,06/17/2023 11:05:00 PM,425 W 87TH ST,DRIVER,-87.63493902,41.73581034,POINT (-87.63493902 41.73581034)
O906432,06/25/2020 09:00:00 PM,8500 S PULASKI RD,DRIVER,-87.73842285,41.74908883,POINT (-87.73842285 41.74908883)
O1053144,03/03/2021 06:09:00 PM,3457 S DR MARTIN LUTHER KING DR,PEDESTRIAN,-87.61683,41.83164,POINT (-87.61683 41.83164)
O916792,07/11/2020 11:50:00 PM,11100 S PULASKI RD,PEDESTRIAN,-87.80074,41.776597,POINT (-87.80074 41.776597)
O665992,06/08/2019 09:20:00 PM,6358 S ASHLAND AVE,PEDESTRIAN,-87.66432,41.777742,POINT (-87.66432 41.777742)
O1688995,10/24/2023 10:56:00 PM,698 S LARAMIE AVE,DRIVER,-87.75491749,41.87200214,POINT (-87.75491749 41.87200214)
O1114493,06/10/2021 11:30:00 AM,9139 S COMMERCIAL AVE,PEDESTRIAN,-87.55108091,41.7289095,POINT (-87.55108091 41.7289095)
O626988,04/09/2019 10:15:00 AM,5401 W 63RD ST,PASSENGER,-87.7569806,41.77803609,POINT (-87.7569806 41.77803609)
O1091027,05/02/2021 09:35:00 PM,100 N WESTERN AVE,DRIVER,-87.68663247,41.88303658,POINT (-87.68663247 41.88303658)
O1110410,06/05/2021 01:57:00 AM,2101 W 59TH ST,DRIVER,-87.67666544,41.78648524,POINT (-87.67666544 41.78648524)
O1162219,08/15/2021 01:45:00 AM,1402 E 95TH ST,DRIVER,-87.58981789,41.72238305,POINT (-87.58981789 41.72238305)
O1450027,10/22/2022 04:16:00 AM,3202 W 51st st,PEDESTRIAN,-87.70390822,41.8009286,POINT (-87.70390822 41.8009286)
O1191393,09/24/2021 10:47:00 PM,4917 N MILWAUKEE AVE,PEDESTRIAN,-87.76259589,41.97018002,POINT (-87.76259589 41.97018002)
O647819,05/16/2019 01:32:00 AM,433 E 95TH ST,PEDESTRIAN,-87.61287,41.721804,POINT (-87.61287 41.721804)
O624047,04/12/2019 08:03:00 PM,2900 S LAKE SHORE DR SB,PEDESTRIAN,-87.6103,41.842075,POINT (-87.6103 41.842075)
O1548092,03/29/2023 09:15:00 PM,3617 W COLUMBUS AVE,DRIVER,-87.71237009,41.74261839,POINT (-87.71237009 41.74261839)
O1010831,12/18/2020 11:01:00 AM,11059 S WESTERN AVE,PEDESTRIAN,-87.66403,41.768398,POINT (-87.66403 41.768398)
O1103256,05/26/2021 01:30:00 AM,2600 N WESTERN AVE,CYCLIST,-87.68792224,41.92866979,POINT (-87.68792224 41.92866979)
P154747,06/26/2019 05:38:00 PM,1302 E 47TH ST,PASSENGER,-87.5948861,41.80977358,POINT (-87.5948861 41.80977358)
P134408,03/03/2019 08:46:00 PM,10700 S CALUMET AVE,PASSENGER,-87.61493494,41.69996826,POINT (-87.61493494 41.69996826)
P324786,11/17/2022 12:47:00 AM,8141 S STONY ISLAND AVE,PASSENGER,-87.58527272,41.74662894,POINT (-87.58527272 41.74662894)
P209357,07/11/2020 06:41:00 AM,2558 W PETERSON AVE,PASSENGER,-87.7154,41.860652,POINT (-87.7154 41.860652)
P261791,08/22/2021 11:38:00 AM,4013 S ROCKWELL,PASSENGER,-87.68952446,41.82067182,POINT (-87.68952446 41.82067182)
P298565,05/22/2022 05:05:00 AM,8828S STONY ISLAND AVE,PASSENGER,-87.58573489,41.73421192,POINT (-87.58573489 41.73421192)
O790107,11/26/2019 08:38:00 AM,5 W TERMINAL ST,PEDESTRIAN,-87.88987,41.97517,POINT (-87.88987 41.97517)
O1483414,12/18/2022 02:38:00 AM,5044 W LAKE ST,DRIVER,-87.7521484,41.88712166,POINT (-87.7521484 41.88712166)
O1492109,01/02/2023 01:41:00 AM,7232 S DAMEN AVE,PEDESTRIAN,-87.67360614,41.76198585,POINT (-87.67360614 41.76198585)
O1677336,10/08/2023 06:35:00 AM,5730 W DIVERSEY AVE,PEDESTRIAN,-87.76995473,41.93133484,POINT (-87.76995473 41.93133484)
O828422,01/23/2020 11:40:00 PM,800 W 87TH ST,PEDESTRIAN,-87.64366,41.736183,POINT (-87.64366 41.736183)
O1236022,11/29/2021 01:06:00 AM,733 W 25TH ST,DRIVER,-87.64505542,41.84685372,POINT (-87.64505542 41.84685372)
P246681,05/20/2021 11:40:00 PM,4531 W DIVISION ST,PASSENGER,-87.73981922,41.90234112,POINT (-87.73981922 41.90234112)
O928066,07/29/2020 09:56:00 PM,4005 W DIVISION ST,PEDESTRIAN,-87.66082,41.999335,POINT (-87.66082 41.999335)
O1413212,09/04/2022 08:10:00 PM,730 S CICERO AVE,PEDESTRIAN,-87.74507283,41.87124253,POINT (-87.74507283 41.87124253)
O1259135,01/07/2022 04:20:00 PM,4819 N DUSABLE LAKE SHORE NB DR,DRIVER,-87.64795544,41.97023938,POINT (-87.64795544 41.97023938)
O888299,05/23/2020 08:56:00 PM,3851 W CHICAGO AVE,PEDESTRIAN,-87.72323,41.895283,POINT (-87.72323 41.895283)
O1440847,10/14/2022 01:28:00 AM,311 E 87TH ST,PEDESTRIAN,-87.617192,41.736388,POINT (-87.617192 41.736388)
P338622,02/18/2023 10:58:00 PM,10020 S HALSTED,PASSENGER,-87.64310095,41.71171667,POINT (-87.64310095 41.71171667)
O919651,07/16/2020 04:19:00 PM,3235 W LAKE ST,DRIVER,-87.74278,41.798565,POINT (-87.74278 41.798565)
O620862,03/27/2019 05:53:00 AM,3159 W ROOSEVELT RD,PASSENGER,-87.70552,41.866298,POINT (-87.70552 41.866298)
O1140174,07/15/2021 03:46:00 AM,8120 S HOUSTON,PEDESTRIAN,-87.55054085,41.74765213,POINT (-87.55054085 41.74765213)
O676647,06/22/2019 09:20:00 PM,3158 W FULLERTON AVE,DRIVER,-87.70696618,41.92482576,POINT (-87.70696618 41.92482576)
P189390,10/24/2019 09:03:00 PM,101 N WACKER DR,PASSENGER,-87.63665,41.883234,POINT (-87.63665 41.883234)
O1376675,07/11/2022 08:48:00 PM,4900 S DREXEL BLVD,DRIVER,-87.60444034,41.80582656,POINT (-87.60444034 41.80582656)
O1080109,04/21/2021 05:30:00 AM,7141 S CICERO AVE,DRIVER,-87.74171661,41.76285668,POINT (-87.74171661 41.76285668)
O1108590,06/02/2021 06:06:00 PM,11100 S HALSTED ST,PEDESTRIAN,-87.64252269,41.69226312,POINT (-87.64252269 41.69226312)
O1170182,08/26/2021 03:50:00 PM,300 N CENTRAL PARK AVE,PEDESTRIAN,-87.71620313,41.88633641,POINT (-87.71620313 41.88633641)
O880424,05/06/2020 08:55:00 PM,2424 W CONGRESS PKWY,PEDESTRIAN,-87.68736,41.875105,POINT (-87.68736 41.875105)
O970669,10/04/2020 09:53:00 AM,1010 W 79TH ST,DRIVER,-87.68559,41.844692,POINT (-87.68559 41.844692)
O1093089,05/03/2021 01:58:00 AM,2145 N ASHLAND AVE,DRIVER,-87.66841182,41.92107916,POINT (-87.66841182 41.92107916)
O1227905,11/16/2021 03:55:00 AM,1600 E 79TH ST,PEDESTRIAN,-87.58559228,41.75161152,POINT (-87.58559228 41.75161152)
O686352,07/04/2019 09:35:00 PM,4959 W DIVERSEY AVE,DRIVER,-87.75138,41.931359,POINT (-87.75138 41.931359)
O1158823,08/01/2021 12:28:00 AM,1588 W 74TH ST,DRIVER,-87.6635611,41.75934407,POINT (-87.6635611 41.75934407)
P165986,08/26/2019 03:48:00 PM,6227 W GREGORY ST,PASSENGER,-87.78431,41.981816,POINT (-87.78431 41.981816)
O1012038,12/19/2020 10:50:00 PM,5620 S CALIFORNIA AVE,CYCLIST,-87.64726896,41.77959999,POINT (-87.64726896 41.77959999)
O629006,04/20/2019 06:34:00 AM,2751 N LAKE SHORE DR NB,DRIVER,-87.63176,41.932313,POINT (-87.63176 41.932313)
P217433,09/06/2020 04:27:00 AM,3000 S LAKE SHORE DR SB,DRIVER,-87.67679,41.88234,POINT (-87.67679 41.88234)
O1290659,02/28/2022 04:40:00 PM,699 S DUSABLE LAKE SHORE NB Dr,CYCLIST,-87.61693637,41.87332411,POINT (-87.61693637 41.87332411)
O1318683,04/16/2022 10:10:00 PM,900 W MADISON ST,CYCLIST,-87.64976002,41.88184639,POINT (-87.64976002 41.88184639)
O893675,06/03/2020 09:57:00 PM,1600 W IRVING PARK RD,DRIVER,-87.65539,41.812277,POINT (-87.65539 41.812277)
O911350,07/03/2020 09:53:00 PM,3138 W LAKE ST,DRIVER,-87.64211,41.679598,POINT (-87.64211 41.679598)
P328401,12/19/2022 01:15:00 AM,333 W 51ST ST,PASSENGER,-87.63441151,41.8016789,POINT (-87.63441151 41.8016789)
O1217549,10/31/2021 09:24:00 AM,423 W 95TH ST,PEDESTRIAN,-87.63443878,41.72147129,POINT (-87.63443878 41.72147129)
O1164337,08/18/2021 09:22:00 AM,9100 S LAFAYETTE,DRIVER,-87.62538276,41.72893072,POINT (-87.62538276 41.72893072)
P267303,09/26/2021 12:14:00 AM,4998 W JACKSON BLVD,PASSENGER,-87.74918825,41.87684233,POINT (-87.74918825 41.87684233)
O1504555,01/10/2023 12:35:00 AM,2427 W 59TH ST,DRIVER,-87.68499232,41.78643593,POINT (-87.68499232 41.78643593)
P216851,09/02/2020 12:27:00 PM,8001 S HALSTED ST,PASSENGER,-87.61978,41.901003,POINT (-87.61978 41.901003)
P340252,03/21/2023 07:52:00 PM,3401 W PETERSON AVE,PASSENGER,-87.71404362,41.99021233,POINT (-87.71404362 41.99021233)
O1003180,12/02/2020 11:44:00 PM,300 E WACKER SUB DR,DRIVER,-87.68429,41.808861,POINT (-87.68429 41.808861)
O1304767,03/24/2022 10:06:00 PM,7464 N SHERIDAN RD,CYCLIST,-87.66583922,42.01807519,POINT (-87.66583922 42.01807519)
O786957,11/21/2019 12:30:00 PM,5404 NORTH AVE,PEDESTRIAN,-87.76092,41.909544,POINT (-87.76092 41.909544)
O979847,10/19/2020 10:37:00 PM,2621 W FULLERTON AVE,DRIVER,-87.61694,41.873324,POINT (-87.61694 41.873324)
P186359,01/01/2020 11:18:00 PM,1448 W 112TH PL,PASSENGER,-87.65875,41.689427,POINT (-87.65875 41.689427)
O1361452,06/18/2022 03:56:00 PM,7411 W SCHOOL ST,CYCLIST,-87.81191937,41.93960064,POINT (-87.81191937 41.93960064)
O1250080,12/21/2021 12:02:00 AM,919 W PERSHING RD,DRIVER,-87.64904332,41.82330602,POINT (-87.64904332 41.82330602)
O1466954,11/21/2022 08:33:00 PM,900 S PULASKI RD,PEDESTRIAN,-87.72546431,41.87001124,POINT (-87.72546431 41.87001124)
O738645,09/14/2019 12:00:00 AM,1600 S KEDVALE AVE,DRIVER,-87.72877,41.858727,POINT (-87.72877 41.858727)
P233283,01/30/2021 03:19:00 AM,3000 N LAKE SHORE DR SB,PASSENGER,-87.63405,41.93662,POINT (-87.63405 41.93662)
P288495,03/10/2022 01:39:00 PM,12400 S MICHIGAN AVE,PASSENGER,-87.62034987,41.66890524,POINT (-87.62034987 41.66890524)
,06/28/2022 10:40:00 PM,6764 W FOREST PRESERVE DR,PEDESTRIAN,-87.79678753,41.95889251,POINT (-87.79678753 41.95889251)
P199485,04/16/2020 10:40:00 PM,6900 S STATE ST,PASSENGER,-87.62509,41.769104,POINT (-87.62509 41.769104)
O1227216,11/15/2021 12:48:00 PM,748 W 52ND ST,CYCLIST,-87.64481644,41.79987984,POINT (-87.64481644 41.79987984)
O1648492,08/28/2023 11:45:00 AM,6700 S KEDZIE AVE,MOTORCYCLIST,-87.7031137,41.77164589,POINT (-87.7031137 41.77164589)
O1059292,03/15/2021 09:41:00 PM,318 E 71ST ST,DRIVER,-87.61763,41.765773,POINT (-87.61763 41.765773)
P157387,07/10/2019 04:44:00 PM,400 W 71ST ST,PASSENGER,-87.63473,41.765465,POINT (-87.63473 41.765465)
O1513077,02/07/2023 02:50:00 AM,8800 S MAY ST,PEDESTRIAN,-87.65221932,41.7340391,POINT (-87.65221932 41.7340391)
O1658105,09/11/2023 06:26:00 AM,8560 S YATES BLVD,DRIVER,-87.56619677,41.73920402,POINT (-87.56619677 41.73920402)
O979300,09/16/2020 02:14:00 AM,6259 S HARLEM AVE,DRIVER,-87.64885,41.794368,POINT (-87.64885 41.794368)
O1096325,05/16/2021 12:35:00 AM,8300 DORCHESTER AVE,DRIVER,-87.59059504,41.74404884,POINT (-87.59059504 41.74404884)
O1241324,12/07/2021 11:20:00 AM,4050 W MADISON ST,PEDESTRIAN,-87.72769579,41.88081097,POINT (-87.72769579 41.88081097)
O843754,02/16/2020 03:36:00 AM,25 N CICERO AVE,DRIVER,-87.74517,41.881362,POINT (-87.74517 41.881362)
O1214558,10/27/2021 08:34:00 PM,505 N LAKE SHORE DR,CYCLIST,-87.61410753,41.89127929,POINT (-87.61410753 41.89127929)
O760132,10/14/2019 12:28:00 PM,2100 N PULASKI RD,PEDESTRIAN,-87.72676,41.919037,POINT (-87.72676 41.919037)
O844861,02/17/2020 03:05:00 PM,8359 S ELIZABETH ST,DRIVER,-87.65456056,41.74146892,POINT (-87.65456056 41.74146892)
O1569738,05/06/2023 04:53:00 AM,4530 W NORTH AVE,DRIVER,-87.73970549,41.90981565,POINT (-87.73970549 41.90981565)
O1074810,04/11/2021 03:25:00 PM,2800 N ALBANY AVE,PEDESTRIAN,-87.70512936,41.93213113,POINT (-87.70512936 41.93213113)
O809193,12/24/2019 01:50:00 AM,2327 E 91ST ST,DRIVER,-87.56709,41.729766,POINT (-87.56709 41.729766)
O985357,10/29/2020 06:14:00 PM,3501 W CHICAGO AVE,DRIVER,-87.72813,41.924359,POINT (-87.72813 41.924359)
O1165569,08/20/2021 08:04:00 AM,3525 W FLOURNOY,PEDESTRIAN,-87.71421107,41.87256989,POINT (-87.71421107 41.87256989)
P126522,01/11/2019 01:09:00 AM,77 W LOWER WACKER DR,PASSENGER,-87.63081,41.88668,POINT (-87.63081 41.88668)
O1013903,12/23/2020 08:07:00 PM,3130 W 55TH ST,PEDESTRIAN,-87.61882,41.780291,POINT (-87.61882 41.780291)
O1346328,05/28/2022 03:56:00 PM,2356 W ROOSEVELT RD,DRIVER,-87.68584255,41.86672491,POINT (-87.68584255 41.86672491)
O1389413,07/29/2022 09:00:00 PM,425 W 103RD,MOTORCYCLIST,-87.63662176,41.70710702,POINT (-87.63662176 41.70710702)
O1144182,07/21/2021 03:56:00 AM,9458 S HALSTED ST,DRIVER,-87.64336192,41.72153443,POINT (-87.64336192 41.72153443)
O872575,08/08/2019 09:14:00 AM,3832 N CICERO AVE,DRIVER,-87.74739,41.95077,POINT (-87.74739 41.95077)
O942495,08/20/2020 08:08:00 PM,5199 S PAYNE DR,PEDESTRIAN,-87.73313,41.800313,POINT (-87.73313 41.800313)
O1127533,06/27/2021 10:54:00 AM,5211 S ASHLAND AVE,DRIVER,-87.66457483,41.79912388,POINT (-87.66457483 41.79912388)
O1095690,05/14/2021 09:02:00 PM,959 W GRAND AVE,DRIVER,-87.65224122,41.89102384,POINT (-87.65224122 41.89102384)
O976857,10/14/2020 07:47:00 PM,5031 S HALSTED ST,PEDESTRIAN,-87.71048,41.858931,POINT (-87.71048 41.858931)
O1238187,12/02/2021 04:50:00 PM,3025 N CALIFORNIA AVE,PEDESTRIAN,-87.69759906,41.93661423,POINT (-87.69759906 41.93661423)
O568488,01/22/2019 09:25:00 AM,8518 S COTTAGE GROVE AVE,PEDESTRIAN,-87.60506,41.739689,POINT (-87.60506 41.739689)
O998301,11/22/2020 09:16:00 PM,3624 W JACKSON BLVD,DRIVER,-87.66454,41.786654,POINT (-87.66454 41.786654)
O689986,07/10/2019 07:50:00 AM,6500 S KEDZIE AVE,PEDESTRIAN,-87.7032,41.775274,POINT (-87.7032 41.775274)
P275650,11/21/2021 12:30:00 AM,1550 N LAKE SHORE DR,PASSENGER,-87.6263928,41.91094388,POINT (-87.6263928 41.91094388)
O810553,12/26/2019 03:07:00 PM,248 W GARFIELD BLVD,PEDESTRIAN,-87.63251977,41.79463459,POINT (-87.63251977 41.79463459)
O1356834,06/12/2022 03:15:00 PM,2059 W IRVING PARK RD,PEDESTRIAN,-87.68111928,41.95401197,POINT (-87.68111928 41.95401197)
O1200830,10/08/2021 05:58:00 AM,2530 W DEVON AVE,PEDESTRIAN,-87.6934855,41.99777847,POINT (-87.6934855 41.99777847)
O1609630,07/01/2023 11:30:00 AM,6151 W BELMONT AVE,DRIVER,-87.7806474,41.9382805,POINT (-87.7806474 41.9382805)
,09/08/2020 02:57:00 AM,REPORTED BY EXTERNAL POLICE DEPARTMENT,DRIVER,-87.72137345,41.73490932,POINT (-87.72137345 41.73490932)
O1371892,07/04/2022 12:00:00 AM,5601 S EMERALD,MOTORCYCLIST,-87.64374644,41.79235623,POINT (-87.64374644 41.79235623)
O1569979,05/06/2023 12:19:00 PM,4659 S WESTERN AVE,PEDESTRIAN,-87.68428004,41.80847456,POINT (-87.68428004 41.80847456)
O1418467,09/12/2022 09:24:00 PM,449 E 79TH ST,PEDESTRIAN,-87.6129789,41.75104183,POINT (-87.6129789 41.75104183)
O739363,09/16/2019 12:00:00 AM,19 E OHIO ST,PEDESTRIAN,-87.62724,41.892374,POINT (-87.62724 41.892374)
O929442,07/31/2020 10:40:00 PM,457 W 76TH ST,DRIVER,-87.57898,41.790282,POINT (-87.57898 41.790282)
O1510135,02/02/2023 05:45:00 AM,1217 E 87TH ST,DRIVER,-87.59454835,41.73668389,POINT (-87.59454835 41.73668389)
P276043,11/24/2021 01:48:00 AM,800 S WESTERN AVE,PASSENGER,-87.68631026,41.87111238,POINT (-87.68631026 41.87111238)
P218319,09/13/2020 11:10:00 PM,5830 S CICERO AVE,DRIVER,-87.58982,41.722383,POINT (-87.58982 41.722383)
P259594,07/23/2021 10:52:00 PM,532 W 59TH ST,PASSENGER,-87.6387639,41.78724155,POINT (-87.6387639 41.78724155)
O1395698,08/09/2022 03:30:00 PM,5595 S ARCHER AVE,MOTORCYCLIST,-87.74999404,41.79750716,POINT (-87.74999404 41.79750716)
O783891,11/17/2019 02:40:00 AM,1000 W IRVING PARK,PEDESTRIAN,-87.65463,41.954597,POINT (-87.65463 41.954597)
P374708,10/30/2023 08:46:00 PM,3050 S DUSABLE LAKE SHORE DRIVE SB,PASSENGER,-87.616351,41.857115,POINT (-87.616351 41.857115)
O1198260,10/04/2021 12:23:00 PM,535 W 115TH ST,DRIVER,-87.6362511,41.6850449,POINT (-87.6362511 41.6850449)
O1119787,06/17/2021 01:32:00 AM,1550 N LAKE SHORE DR,DRIVER,-87.6239874,41.90250032,POINT (-87.6239874 41.90250032)
O1011542,12/19/2020 04:50:00 PM,10100 S VERNON AVE,DRIVER,-87.66588,41.852377,POINT (-87.66588 41.852377)
,06/27/2021 04:55:00 PM,REPORTED BY METRA POLICE 1431 W 107TH ST,DRIVER,-87.65831496,41.69944718,POINT (-87.65831496 41.69944718)
O628138,04/18/2019 04:55:00 PM,459 W 59TH ST,DRIVER,-87.63759914,41.78704274,POINT (-87.63759914 41.78704274)
O677071,05/16/2019 08:51:00 PM,5100 W CHICAGO AVE,DRIVER,-87.75321,41.895068,POINT (-87.75321 41.895068)
,04/29/2022 10:42:00 PM,STONY ISLAND FEEDER RAMP,PEDESTRIAN,-87.59404865,41.70011068,POINT (-87.59404865 41.70011068)
O897227,05/25/2020 01:07:00 PM,600 S CANAL ST,PEDESTRIAN,-87.6396,41.874331,POINT (-87.6396 41.874331)
O1441421,10/15/2022 03:45:00 PM,2727 S ARCHER AVE,DRIVER,-87.65278326,41.84401744,POINT (-87.65278326 41.84401744)
O1146773,07/24/2021 04:00:00 PM,5316 N MILWAUKEE AVE,CYCLIST,-87.76907431,41.97693689,POINT (-87.76907431 41.97693689)
O1101642,05/23/2021 07:52:00 PM,12442 S TORRECNCE,DRIVER,-87.55940241,41.66913767,POINT (-87.55940241 41.66913767)
O709305,08/01/2019 09:03:00 AM,1030 W OAKDALE AVE,PEDESTRIAN,-87.65513,41.935445,POINT (-87.65513 41.935445)
O1149865,07/28/2021 08:49:00 PM,810 S WESTERN AVE,PEDESTRIAN,-87.68630098,41.87079703,POINT (-87.68630098 41.87079703)
O921820,07/19/2020 09:05:00 PM,5841 S RUSSELL DR,DRIVER,-87.71195,41.909943,POINT (-87.71195 41.909943)
O1064326,03/24/2021 10:22:00 PM,2215 W 47TH ST,PEDESTRIAN,-87.68042,41.808341,POINT (-87.68042 41.808341)
P368483,09/17/2023 02:05:00 AM,1313 W KINZIE ST,PASSENGER,-87.65947968,41.88880845,POINT (-87.65947968 41.88880845)
O1508769,01/30/2023 06:56:00 PM,7500 S STATE ST,DRIVER,-87.62490223,41.75809218,POINT (-87.62490223 41.75809218)
O1170318,08/26/2021 02:30:00 AM,4601 W NORTH AVE,PEDESTRIAN,-87.74142821,41.90957303,POINT (-87.74142821 41.90957303)
O1026070,01/17/2021 11:40:00 AM,200 W 98TH PL,DRIVER,-87.62868,41.716313,POINT (-87.62868 41.716313)
P140342,03/27/2019 05:53:00 AM,3159 W ROOSEVELT RD,DRIVER,-87.70552,41.866298,POINT (-87.70552 41.866298)
O853602,03/02/2020 02:07:00 AM,700 N LASALLE DR,DRIVER,-87.63282,41.89485,POINT (-87.63282 41.89485)
O896315,06/08/2020 02:39:00 PM,4500 S RACINE AVE,DRIVER,-87.60539,41.764684,POINT (-87.60539 41.764684)
O642440,05/05/2019 11:45:00 AM,873 N DEARBORN ST,PEDESTRIAN,-87.62969,41.898738,POINT (-87.62969 41.898738)
O765693,10/23/2019 11:42:00 AM,4001 E 134TH ST,DRIVER,-87.52761765,41.65150303,POINT (-87.52761765 41.65150303)
O1266576,01/20/2022 06:15:00 PM,7604 W TOUHY AVE,PEDESTRIAN,-87.81663828,42.01155999,POINT (-87.81663828 42.01155999)
O971000,10/04/2020 10:45:00 PM,2709 E 79TH ST,DRIVER,-87.71619,41.806923,POINT (-87.71619 41.806923)
O1446554,10/23/2022 11:16:00 AM,7859 S MLK,PEDESTRIAN,-87.61481455,41.75120779,POINT (-87.61481455 41.75120779)
P290150,03/21/2022 07:50:00 PM,600 E MORGAN DR,PASSENGER,-87.61094754,41.79325819,POINT (-87.61094754 41.79325819)
O1002852,12/02/2020 12:09:00 PM,2720 W JARVIS AVE,PEDESTRIAN,-87.74154,41.758728,POINT (-87.74154 41.758728)
O928037,07/29/2020 10:15:00 PM,1403 W ROOSEVELT RD,PEDESTRIAN,-87.63626,41.736287,POINT (-87.63626 41.736287)
P249020,06/04/2021 06:29:00 AM,7840 S RACINE AVE,PASSENGER,-87.65389912,41.7511058,POINT (-87.65389912 41.7511058)
O699223,07/28/2019 02:13:00 AM,3529 N HALSTED ST,DRIVER,-87.64930836,41.94632714,POINT (-87.64930836 41.94632714)
O1501132,01/19/2023 01:17:00 AM,10600 S AVENUE D,DRIVER,-87.52832175,41.70260703,POINT (-87.52832175 41.70260703)
O1189276,09/21/2021 10:30:00 PM,4700 S CICERO AVE,PEDESTRIAN,-87.74329682,41.80753037,POINT (-87.74329682 41.80753037)
O771041,10/30/2019 09:10:00 PM,10614 S WESTERN AVE,PEDESTRIAN,-87.6815773,41.70041507,POINT (-87.6815773 41.70041507)
O1181695,09/11/2021 06:46:00 PM,2630 S MARTIN LUTHER KING JR DR,DRIVER,-87.61779447,41.84481664,POINT (-87.61779447 41.84481664)
O1585888,05/28/2023 10:59:00 PM,1201 S INDEPENDENCE BLVD,PEDESTRIAN,-87.71937733,41.86615863,POINT (-87.71937733 41.86615863)
O1474068,12/03/2022 11:00:00 PM,2322 W 112TH PL,PEDESTRIAN,-87.67989866,41.68874712,POINT (-87.67989866 41.68874712)
O1379539,07/16/2022 12:53:00 PM,10730 S VINCENNES AVE,DRIVER,-87.65920347,41.69858237,POINT (-87.65920347 41.69858237)
O1261409,01/11/2022 08:05:00 PM,2900 W CONGRESS PKWY,PEDESTRIAN,-87.69870651,41.87498737,POINT (-87.69870651 41.87498737)
O1319042,04/17/2022 02:54:00 PM,4500 N HAZEL ST,PEDESTRIAN,-87.65251341,41.96367847,POINT (-87.65251341 41.96367847)
O1628066,07/29/2023 12:06:00 PM,6100 S AUSTIN AVE,MOTORCYCLIST,-87.77177777,41.78143736,POINT (-87.77177777 41.78143736)
P317079,09/25/2022 11:30:00 PM,4355 S ARCHER AVE,PASSENGER,-87.70356218,41.81436814,POINT (-87.70356218 41.81436814)
O1675001,10/04/2023 07:30:00 PM,5357 W WAVELAND AVE,CYCLIST,-87.76169375,41.94766102,POINT (-87.76169375 41.94766102)
O1245790,12/13/2021 02:11:00 PM,601 E 75TH ST,PEDESTRIAN,-87.61019211,41.75837658,POINT (-87.61019211 41.75837658)
O1168211,08/24/2021 05:29:00 AM,3335 E 79TH ST,DRIVER,-87.70619524,41.74957132,POINT (-87.70619524 41.74957132)
O1082544,04/25/2021 04:00:00 AM,10000 W OHARE ST,DRIVER,-87.90530913,41.97620114,POINT (-87.90530913 41.97620114)
O961855,09/20/2020 04:59:00 PM,6235 S DR MARTIN LUTHER KING JR DR,DRIVER,-87.72526,41.872973,POINT (-87.72526 41.872973)
O1372273,07/04/2022 04:42:00 PM,3002 E 91ST ST,DRIVER,-87.55110141,41.73018813,POINT (-87.55110141 41.73018813)
P325277,11/23/2022 05:00:00 PM,800 E 87TH ST,PASSENGER,-87.60476457,41.73675996,POINT (-87.60476457 41.73675996)
O1663935,09/01/2023 01:39:00 PM,9500 S PAXTON AVE,DRIVER,-87.57067381,41.72245497,POINT (-87.57067381 41.72245497)
O1154682,08/04/2021 01:14:00 AM,1101 W IRVING PARK RD,DRIVER,-87.65698331,41.95434048,POINT (-87.65698331 41.95434048)
O1544346,03/29/2023 05:00:00 AM,2000 N CICERO AVE,PEDESTRIAN,-87.74626022,41.91697333,POINT (-87.74626022 41.91697333)
O886247,05/20/2020 07:47:00 AM,653 W TAYLOR ST,CYCLIST,-87.64366,41.869587,POINT (-87.64366 41.869587)
O1501239,12/04/2022 08:08:00 AM,5008 S CICERO AVE,DRIVER,-87.74309154,41.80195556,POINT (-87.74309154 41.80195556)
O1047577,02/22/2021 11:54:00 AM,7410 S RACINE AVE,PEDESTRIAN,-87.65411,41.759232,POINT (-87.65411 41.759232)
O576798,02/03/2019 04:05:00 AM,4117 W MADISON ST,PEDESTRIAN,-87.72885,41.880578,POINT (-87.72885 41.880578)
O918558,07/14/2020 10:40:00 PM,751 N KEDZIE AVE,DRIVER,-87.61842,41.659217,POINT (-87.61842 41.659217)
O1054638,03/06/2021 05:05:00 PM,6129 S PULASKI RD,CYCLIST,-87.72269,41.781429,POINT (-87.72269 41.781429)
O682190,06/29/2019 04:06:00 PM,9499 S  ST LAWRENCE AVE,DRIVER,-87.60916,41.722069,POINT (-87.60916 41.722069)
P241112,04/09/2021 09:38:00 AM,3800 W MARQUETTE BLVD,PASSENGER,-87.7177987,41.77155776,POINT (-87.7177987 41.77155776)
P205686,06/17/2020 03:00:00 AM,3300 W 87TH ST,PASSENGER,-87.70463,41.735259,POINT (-87.70463 41.735259)
O1490306,12/29/2022 06:40:00 PM,9459 S ASHLAND AVE,PEDESTRIAN,-87.662393,41.721388,POINT (-87.662393 41.721388)
O867963,04/01/2020 04:50:00 AM,6900 S ASHLAND AVE,DRIVER,-87.66404,41.768455,POINT (-87.66404 41.768455)
O1410112,08/31/2022 03:35:00 PM,5657 W 51ST ST,PEDESTRIAN,-87.76433237,41.80006,POINT (-87.76433237 41.80006)
O1138726,07/12/2021 06:50:00 PM,5701 N RIDGE,PEDESTRIAN,-87.66313327,41.98564503,POINT (-87.66313327 41.98564503)
O1334496,05/10/2022 02:30:00 PM,1659 W CHICAGO AVE,PEDESTRIAN,-87.66966384,41.8959245,POINT (-87.66966384 41.8959245)
O789293,11/25/2019 01:55:00 AM,5700 S LAKE SHORE DR,DRIVER,-87.58014777,41.79142028,POINT (-87.58014777 41.79142028)
O1175522,09/02/2021 08:55:00 PM,8400 S STONY ISLAND,DRIVER,-87.58591564,41.7423299,POINT (-87.58591564 41.7423299)
O1280176,02/12/2022 01:50:00 PM,12242 S AVENUE O,DRIVER,-87.54006623,41.67179826,POINT (-87.54006623 41.67179826)
O1028853,12/10/2020 11:31:00 AM,1159 N HAMLIN AVE,PEDESTRIAN,-87.67728,41.899659,POINT (-87.67728 41.899659)
O1310536,04/03/2022 04:05:00 AM,929 W MARQUETTE RD,DRIVER,-87.64817177,41.77231242,POINT (-87.64817177 41.77231242)
P189267,01/22/2020 09:34:00 PM,2700 W 82ND ST,PASSENGER,-87.69012,41.744633,POINT (-87.69012 41.744633)
O963660,09/23/2020 01:34:00 PM,7801 S STATE ST,DRIVER,-87.64237,41.696855,POINT (-87.64237 41.696855)
O1226037,11/13/2021 03:30:00 AM,559 N LAKE SHORE DR,DRIVER,-87.61382302,41.89264577,POINT (-87.61382302 41.89264577)
O810212,08/26/2019 09:00:00 AM,3631 S CALIFORNIA AVE,DRIVER,-87.69459,41.827386,POINT (-87.69459 41.827386)
O1427068,09/15/2022 07:53:00 PM,1029 W 79TH ST,PEDESTRIAN,-87.5991867,41.75124085,POINT (-87.5991867 41.75124085)
P211164,07/24/2020 06:15:00 PM,2150 W 43RD ST,PASSENGER,-87.71024,41.856019,POINT (-87.71024 41.856019)
O1397803,08/12/2022 08:49:00 PM,1514 N PULASKI RD,MOTORCYCLIST,-87.7266227,41.90857828,POINT (-87.7266227 41.90857828)
O1599799,06/17/2023 03:27:00 PM,8501 S HALSTED ST,DRIVER,-87.64357788,41.73966504,POINT (-87.64357788 41.73966504)
O1646273,08/23/2023 08:30:00 AM,6216 S LOOMIS BLVD,DRIVER,-87.66000626,41.79901746,POINT (-87.66000626 41.79901746)
O1290371,02/28/2022 11:18:00 PM,11100 S COTTAGE GROVE,DRIVER,-87.61001554,41.69274215,POINT (-87.61001554 41.69274215)
O1531113,03/08/2023 02:30:00 AM,1001 N CICERO AVE,DRIVER,-87.74574493,41.8987345,POINT (-87.74574493 41.8987345)
P308148,07/21/2022 11:48:00 PM,5718 N BROADWAY,PASSENGER,-87.66028894,41.98605087,POINT (-87.66028894 41.98605087)
O1521549,02/20/2023 02:22:00 PM,1199 S WABASH AVE,PEDESTRIAN,-87.62568383,41.86752456,POINT (-87.62568383 41.86752456)
O1312336,04/06/2022 04:39:00 AM,1040 W ROOSEVELT RD,DRIVER,-87.65272014,41.86717155,POINT (-87.65272014 41.86717155)
O1483532,12/18/2022 06:40:00 AM,5143 W BELMONT,DRIVER,-87.7559564,41.93859851,POINT (-87.7559564 41.93859851)
P355946,07/01/2023 11:30:00 AM,6151 W BELMONT AVE,PASSENGER,-87.7806474,41.9382805,POINT (-87.7806474 41.9382805)
P316722,09/24/2022 01:15:00 AM,5327 S DUSABLE LAKE SHORE,PASSENGER,-87.58095357,41.79898927,POINT (-87.58095357 41.79898927)
O950892,09/02/2020 11:29:00 PM,5200 N LAKE SHORE DR NB,PEDESTRIAN,-87.61978,41.901003,POINT (-87.61978 41.901003)
O1683268,10/17/2023 05:25:00 AM,866 N DUSABLE LAKE SHORE DRIVE,PEDESTRIAN,-87.61818311,41.89851688,POINT (-87.61818311 41.89851688)
O769730,10/29/2019 10:10:00 AM,4456 N CUMBERLAND AVE,DRIVER,-87.83684579,41.96099108,POINT (-87.83684579 41.96099108)
O1493509,01/04/2023 07:15:00 PM,10506 S HALSTED ST,PEDESTRIAN,-87.64285907,41.70301647,POINT (-87.64285907 41.70301647)
O1164046,08/16/2021 05:19:00 PM,1500 MUSEUM CAMPUS,CYCLIST,-87.6147279,41.86236581,POINT (-87.6147279 41.86236581)
O1541921,03/25/2023 01:06:00 AM,817 W WASHINGTON BLVD,PEDESTRIAN,-87.64818388,41.88302231,POINT (-87.64818388 41.88302231)
O1675078,10/05/2023 05:11:00 AM,5700 S PULASKI RD,PEDESTRIAN,-87.72320717,41.78953063,POINT (-87.72320717 41.78953063)
O1361558,06/18/2022 10:50:00 PM,405 W 87TH ST,DRIVER,-87.63400291,41.73581254,POINT (-87.63400291 41.73581254)
O1550959,04/08/2023 09:29:00 PM,7300 S COTTAGE GROVE AVE,DRIVER,-87.60563349,41.76213628,POINT (-87.60563349 41.76213628)
O1247704,12/17/2021 05:35:00 AM,3455 W IRVING PARK RD,PEDESTRIAN,-87.71513829,41.95371504,POINT (-87.71513829 41.95371504)
P206405,06/21/2020 07:04:00 PM,8500 S HALSTED ST,PASSENGER,-87.72170401,41.7384684,POINT (-87.72170401 41.7384684)
O595609,03/03/2019 11:34:00 AM,507 E PERSHING RD,PASSENGER,-87.61493,41.699968,POINT (-87.61493 41.699968)
O838130,02/08/2020 09:30:00 AM,2432 N KIMBALL AVE,DRIVER,-87.71228,41.925653,POINT (-87.71228 41.925653)
O1465669,11/17/2022 12:47:00 AM,8141 S STONY ISLAND AVE,DRIVER,-87.58527272,41.74662894,POINT (-87.58527272 41.74662894)
O655675,05/26/2019 04:09:00 AM,12521 W TOUHY AVE,PEDESTRIAN,-87.93398,42.008058,POINT (-87.93398 42.008058)
P261175,08/18/2021 09:22:00 AM,9100 S LAFAYETTE,PASSENGER,-87.62538276,41.72893072,POINT (-87.62538276 41.72893072)
O1341011,05/19/2022 10:52:00 PM,5359 W IRVING PARK RD,PEDESTRIAN,-87.76194882,41.95313519,POINT (-87.76194882 41.95313519)
P306059,07/10/2022 03:00:00 AM,799 N HALSTED ST,PASSENGER,-87.64773538,41.89625345,POINT (-87.64773538 41.89625345)
O848217,02/22/2020 10:25:00 PM,5940 S ASHLAND AVE,PEDESTRIAN,-87.66451,41.785526,POINT (-87.66451 41.785526)
O720157,08/07/2019 05:00:00 PM,4300 S CALIFORNIA AVE,PEDESTRIAN,-87.69457,41.81545,POINT (-87.69457 41.81545)
P191013,02/05/2020 11:53:00 AM,3800 W LAKE ST,PASSENGER,-87.72099,41.885318,POINT (-87.72099 41.885318)
O1234452,11/26/2021 02:00:00 AM,2199 E HAYES DR,DRIVER,-87.575838,41.780697,POINT (-87.575838 41.780697)
O979822,10/19/2020 09:10:00 PM,1625 W 87TH ST,DRIVER,-87.69346,41.924737,POINT (-87.69346 41.924737)
O785779,11/19/2019 09:14:00 PM,2300 W OGDEN AVE,DRIVER,-87.68381,41.86666,POINT (-87.68381 41.86666)
O989146,11/05/2020 10:25:00 AM,1155 S MORGAN ST,PEDESTRIAN,-87.74648556,41.93249606,POINT (-87.74648556 41.93249606)
O561570,01/12/2019 12:07:00 AM,6820 W 63RDST,DRIVER,-87.79189,41.777613,POINT (-87.79189 41.777613)
O1013904,12/23/2020 08:07:00 PM,3130 W 55TH ST,PEDESTRIAN,-87.61882,41.780291,POINT (-87.61882 41.780291)
O1513027,02/06/2023 06:06:00 PM,5647 S RACINE AVE,PEDESTRIAN,-87.65464488,41.79095583,POINT (-87.65464488 41.79095583)
P256328,06/03/2021 02:00:00 PM,500 N  HOMAN AVE,PASSENGER,-87.71142848,41.89033194,POINT (-87.71142848 41.89033194)
O941090,08/18/2020 04:30:00 PM,4363 W MONTROSE AVE,DRIVER,-87.64837,41.970951,POINT (-87.64837 41.970951)
O1346996,05/29/2022 12:53:00 AM,1117 W 103RD ST,DRIVER,-87.65081079,41.70673643,POINT (-87.65081079 41.70673643)
O1134239,07/06/2021 02:20:00 PM,7900 S DOBSON AVE,DRIVER,-87.59926708,41.75125766,POINT (-87.59926708 41.75125766)
O1412402,09/03/2022 02:10:00 PM,4900 W 55TH,MOTORCYCLIST,-87.74556748,41.79309769,POINT (-87.74556748 41.79309769)
P343988,04/16/2023 03:04:00 PM,4400 W WASHINGTON BLVD,PASSENGER,-87.7356412,41.88203638,POINT (-87.7356412 41.88203638)
O1243979,12/10/2021 10:20:00 AM,4008 S ASHLAND AVE,CYCLIST,-87.66540649,41.8204981,POINT (-87.66540649 41.8204981)
O1440163,10/14/2022 12:20:00 AM,354 W 76TH ST,DRIVER,-87.63418005,41.75636858,POINT (-87.63418005 41.75636858)
O1605155,06/25/2023 04:02:00 AM,2156 N KOSTNER AVE,DRIVER,-87.73657828,41.92059826,POINT (-87.73657828 41.92059826)
O1379553,07/10/2022 12:00:00 AM,1556 E 56TH ST,DRIVER,-87.58686328,41.7934746,POINT (-87.58686328 41.7934746)
O1481429,12/15/2022 12:54:00 PM,11501 S ASHLAND AVE,DRIVER,-87.66144687,41.68473462,POINT (-87.66144687 41.68473462)
O1575207,05/13/2023 04:30:00 PM,12145 S TORRENCE,DRIVER,-87.55911156,41.67425221,POINT (-87.55911156 41.67425221)
O1104879,05/26/2021 01:10:00 PM,1430 W ADDISON ST,DRIVER,-87.66517202,41.94715911,POINT (-87.66517202 41.94715911)
O1077069,04/15/2021 03:03:00 AM,11400 S WENTWORTH AVE,PEDESTRIAN,-87.62788504,41.68705376,POINT (-87.62788504 41.68705376)
O1287644,02/24/2022 03:36:00 PM,1529 S STATE ST,DRIVER,-87.62720674,41.86090724,POINT (-87.62720674 41.86090724)
O1161811,08/14/2021 12:35:00 PM,3558 N FREMONT,PEDESTRIAN,-87.65204404,41.94718679,POINT (-87.65204404 41.94718679)
O1359477,06/16/2022 09:58:00 AM,3351 W 16TH ST,PEDESTRIAN,-87.70990358,41.85892424,POINT (-87.70990358 41.85892424)
O1174034,08/31/2021 06:08:00 PM,3600 S KEDZIE AVE,PEDESTRIAN,-87.70469773,41.82803514,POINT (-87.70469773 41.82803514)
O897233,06/10/2020 06:07:00 AM,7141 S COTTAGE GROVE AVE,DRIVER,-87.71973354,41.87340547,POINT (-87.71973354 41.87340547)
O636655,05/01/2019 08:45:00 AM,6125 N MILWAUKEE AVE,DRIVER,-87.78352149,41.99287544,POINT (-87.78352149 41.99287544)
O644207,05/11/2019 07:02:00 AM,3156 W 79TH ST,DRIVER,-87.70216,41.749952,POINT (-87.70216 41.749952)
O873557,04/18/2020 04:31:00 AM,5959 W WARWICK AVE,DRIVER,-87.77648,41.948393,POINT (-87.77648 41.948393)
O1013547,12/23/2020 02:06:00 PM,352 E 69TH ST,DRIVER,-87.70247,41.793645,POINT (-87.70247 41.793645)
O655675,06/09/2019 02:42:00 AM,1757 W 87TH ST,PEDESTRIAN,-87.66778,41.735617,POINT (-87.66778 41.735617)
O891714,05/31/2020 02:16:00 AM,9500 S JEFFERY AVE,DRIVER,-87.5755,41.722376,POINT (-87.5755 41.722376)
O1055850,03/09/2021 12:00:00 PM,6200 S ARCHER AVE,DRIVER,-87.77463,41.793942,POINT (-87.77463 41.793942)
O695774,07/17/2019 02:00:00 PM,818 N HOMAN AVE,PEDESTRIAN,-87.7116,41.896082,POINT (-87.7116 41.896082)
O1472744,11/20/2022 08:20:00 PM,2559 S DRAKE AVE,PEDESTRIAN,-87.71342325,41.84449369,POINT (-87.71342325 41.84449369)
P208120,07/03/2020 09:53:00 PM,3138 W LAKE ST,PASSENGER,-87.72797,41.895223,POINT (-87.72797 41.895223)
O1652758,09/02/2023 11:59:00 PM,10834 S MICHIGAN AVE,DRIVER,-87.62098488,41.69702561,POINT (-87.62098488 41.69702561)
O1100651,05/22/2021 02:08:00 PM,2727 W CERMAK RD,DRIVER,-87.69406896,41.85180873,POINT (-87.69406896 41.85180873)
O660486,03/07/2019 07:05:00 PM,5110 S PULASKI RD,PEDESTRIAN,-87.72351,41.800034,POINT (-87.72351 41.800034)
O1219007,11/02/2021 11:13:00 AM,10325 S COMMERCIAL AVE,PEDESTRIAN,-87.55345421,41.70745778,POINT (-87.55345421 41.70745778)
O873681,04/19/2020 03:30:00 PM,8501 S CICERO AVE,DRIVER,-87.74083,41.738141,POINT (-87.74083 41.738141)
P266247,09/19/2021 04:35:00 AM,597 W 79TH ST,PASSENGER,-87.63923438,41.7506027,POINT (-87.63923438 41.7506027)
,06/30/2022 03:57:00 PM,W 103RD ST & S HOMAN AVE,DRIVER,-87.70623794,41.70612413,POINT (-87.70623794 41.70612413)
O1476320,12/07/2022 08:11:00 PM,5700 W FOSTER AVE,DRIVER,-87.77123511,41.97578974,POINT (-87.77123511 41.97578974)
P319868,10/15/2022 03:45:00 PM,2727 S ARCHER AVE,PASSENGER,-87.65278326,41.84401744,POINT (-87.65278326 41.84401744)
O908274,06/28/2020 06:49:00 PM,8310 S LAWNDALE AVE,CYCLIST,-87.69473503,41.8009659,POINT (-87.69473503 41.8009659)
O1146933,07/20/2021 08:26:00 PM,2401 W TOUHY AVE,PEDESTRIAN,-87.69037599,42.01216958,POINT (-87.69037599 42.01216958)
O1663302,09/17/2023 11:34:00 PM,3699 N DUSABLE LAKE SHORE DRIVE,MOTORCYCLIST,-87.64437121,41.95041254,POINT (-87.64437121 41.95041254)
O921838,07/19/2020 04:45:00 PM,5201 S CICERO AVE,DRIVER,-87.6786,41.815863,POINT (-87.6786 41.815863)
O1040748,02/11/2021 07:27:00 PM,150 W 53RD ST,PEDESTRIAN,-87.62984,41.798345,POINT (-87.62984 41.798345)
O614378,03/29/2019 08:02:00 PM,14 W 87TH ST,CYCLIST,-87.62498,41.73639,POINT (-87.62498 41.73639)
P151263,06/08/2019 09:22:00 PM,421 N PULASKI RD,DRIVER,-87.72574,41.888533,POINT (-87.72574 41.888533)
O1082534,04/25/2021 08:30:00 AM,6300 N CENTRAL AVE,DRIVER,-87.76433185,41.99622779,POINT (-87.76433185 41.99622779)
O1468396,11/23/2022 05:00:00 PM,800 E 87TH ST,DRIVER,-87.60476457,41.73675996,POINT (-87.60476457 41.73675996)
O1690565,10/27/2023 02:00:00 AM,1759 S WESTERN AVE,DRIVER,-87.68567867,41.8575186,POINT (-87.68567867 41.8575186)
O1469406,11/25/2022 05:37:00 PM,5840 W IRVING PARK RD,PEDESTRIAN,-87.77360924,41.95309178,POINT (-87.77360924 41.95309178)
O1092446,05/10/2021 02:33:00 AM,1303 W 103RD ST,DRIVER,-87.65519287,41.70668725,POINT (-87.65519287 41.70668725)
O688492,07/08/2019 02:55:00 AM,970 W SHERIDAN RD,DRIVER,-87.65578,41.99832,POINT (-87.65578 41.99832)
,06/20/2019 12:25:00 PM,REPORTED BY UNIVERSITY OF ILLINOIS CHICAGO POLICE DEPARTMENT,PASSENGER,-87.6467,41.86415224,POINT (-87.6467 41.86415224)
O1064474,03/25/2021 10:41:00 AM,5900 S CICERO AVE,DRIVER,-87.74149,41.785643,POINT (-87.74149 41.785643)
O982037,08/07/2020 12:27:00 PM,3307 S ASHLAND AVE,PEDESTRIAN,-87.60744328,41.8002944,POINT (-87.60744328 41.8002944)
O1437238,09/11/2022 02:29:00 AM,2000 N DUSABLE LAKE SHORE DR,DRIVER,-87.62922482,41.91841623,POINT (-87.62922482 41.91841623)
O1026835,12/19/2020 11:08:00 AM,6902 S ASHLAND AVE,PEDESTRIAN,-87.69388,41.791212,POINT (-87.69388 41.791212)
O627654,04/17/2019 09:35:00 PM,6080 N CALDWELL AVE,DRIVER,-87.7544,41.991424,POINT (-87.7544 41.991424)
O1103269,05/26/2021 04:02:00 AM,200 N KOSTNER AVE,PEDESTRIAN,-87.73570901,41.88330951,POINT (-87.73570901 41.88330951)
O1520058,02/18/2023 08:32:00 AM,5155 W GRAND AVE,DRIVER,-87.7550745,41.91676691,POINT (-87.7550745 41.91676691)
O708332,08/02/2019 07:25:00 PM,5402 S LAKE SHORE DR SB,DRIVER,-87.58087,41.797907,POINT (-87.58087 41.797907)
O1261491,07/17/2021 10:30:00 AM,2740 W ROOSEVELT,CYCLIST,-87.69509809,41.86662933,POINT (-87.69509809 41.86662933)
O589442,02/22/2019 09:25:00 AM,800 E 87TH ST,PEDESTRIAN,-87.60476457,41.73675996,POINT (-87.60476457 41.73675996)
O1225888,11/12/2021 05:20:00 PM,6800 N WESTERN AVE,PEDESTRIAN,-87.69021903,42.00507612,POINT (-87.69021903 42.00507612)
P278533,12/12/2021 12:45:00 PM,5301 N DUSABLE LAKE SHORE DR,PASSENGER,-87.65088926,41.97833081,POINT (-87.65088926 41.97833081)
O682953,06/30/2019 12:00:00 PM,9859 S VAN VLISSINGEN RD,PEDESTRIAN,-87.5742,41.715622,POINT (-87.5742 41.715622)
O1466301,11/20/2022 07:55:00 PM,1415 S MICHIGAN AVE,DRIVER,-87.62392247,41.8636335,POINT (-87.62392247 41.8636335)
O1145916,07/23/2021 12:55:00 PM,1199 S KILBOURN AVE,DRIVER,-87.73726115,41.86604904,POINT (-87.73726115 41.86604904)
P315386,09/14/2022 05:48:00 PM,5933 S HAMLIN AVE,PASSENGER,-87.71802496,41.7851077,POINT (-87.71802496 41.7851077)
P199374,04/14/2020 07:22:00 PM,2701 E 100TH ST,PASSENGER,-87.55804,41.713243,POINT (-87.55804 41.713243)
O1693281,10/30/2023 08:46:00 PM,3050 S DUSABLE LAKE SHORE DRIVE SB,DRIVER,-87.616351,41.857115,POINT (-87.616351 41.857115)
O1330962,05/06/2022 02:32:00 AM,1200 S DAMEN AVE,PEDESTRIAN,-87.67639524,41.86670667,POINT (-87.67639524 41.86670667)
P154084,06/23/2019 06:05:00 PM,2255 W HARRISON ST,PASSENGER,-87.6835,41.873822,POINT (-87.6835 41.873822)
O1265986,01/20/2022 03:16:00 AM,4055 W PETERSON AVE,DRIVER,-87.73080373,41.98999904,POINT (-87.73080373 41.98999904)
O1206912,10/17/2021 01:27:00 AM,4233 W 36TH ST,DRIVER,-87.73040368,41.82704903,POINT (-87.73040368 41.82704903)
O979491,10/19/2020 12:38:00 PM,3402 S WESTERN BLVD,DRIVER,-87.69346,41.924737,POINT (-87.69346 41.924737)
O914788,07/08/2020 10:29:00 PM,11800 S HALSTED ST,DRIVER,-87.72779,41.895197,POINT (-87.72779 41.895197)
P370958,10/06/2023 11:48:00 AM,2901 S DUSABLE LAKE SHORE DRIVE NB,PASSENGER,-87.60962808,41.84206837,POINT (-87.60962808 41.84206837)
P230998,01/06/2021 11:20:00 PM,8623 S VINCENNES AVE,PASSENGER,-87.64234,41.737903,POINT (-87.64234 41.737903)
O1408357,08/29/2022 07:45:00 AM,1201 N CICERO AVE,DRIVER,-87.74583229,41.90239931,POINT (-87.74583229 41.90239931)
O740769,09/17/2019 12:00:00 AM,530 N LA SALLE DR,PEDESTRIAN,-87.63273,41.891682,POINT (-87.63273 41.891682)
O888367,05/24/2020 02:16:00 PM,1155 S KEDZIE AVE,PEDESTRIAN,-87.70553,41.866519,POINT (-87.70553 41.866519)
O1599389,06/16/2023 05:42:00 PM,3803 W ROOSEVELT RD,DRIVER,-87.72026401,41.86612813,POINT (-87.72026401 41.86612813)
O1372404,07/04/2022 10:09:00 PM,6805 S SOUTH CHICAGO AVE,DRIVER,-87.61229795,41.77083736,POINT (-87.61229795 41.77083736)
O917328,07/13/2020 03:50:00 AM,6327 S HARLEM AVE,DRIVER,-87.70759658,41.88432205,POINT (-87.70759658 41.88432205)
O1062672,03/22/2021 12:00:00 AM,6230 S HONORE ST,PEDESTRIAN,-87.67044,41.780257,POINT (-87.67044 41.780257)
O902710,06/19/2020 11:01:00 PM,4700 S COTTAGE GROVE AVE,PEDESTRIAN,-87.64387,41.739661,POINT (-87.64387 41.739661)
O805341,12/15/2019 05:00:00 AM,400 W POLK ST,DRIVER,-87.63771,41.872159,POINT (-87.63771 41.872159)
O1625666,07/25/2023 10:35:00 PM,5131 N BROADWAY,PEDESTRIAN,-87.65969822,41.97553286,POINT (-87.65969822 41.97553286)
O955550,09/10/2020 03:00:00 PM,4923 S DR MARTIN LUTHER KING JR DR,PASSENGER,-87.80076,41.77739,POINT (-87.80076 41.77739)
O1023661,01/13/2021 12:30:00 AM,3300 E 100TH ST,DRIVER,-87.54322,41.713924,POINT (-87.54322 41.713924)
O1133286,07/05/2021 01:50:00 AM,1109 S INDEPENDENCE BLVD,PEDESTRIAN,-87.71942404,41.86774523,POINT (-87.71942404 41.86774523)
O728695,08/31/2019 03:41:00 PM,4741 W FULLERTON AVE,PEDESTRIAN,-87.74553,41.924141,POINT (-87.74553 41.924141)
P268396,10/03/2021 03:03:00 AM,2400 W IRVING PARK RD,PASSENGER,-87.68858958,41.9541207,POINT (-87.68858958 41.9541207)
O974151,10/10/2020 03:47:00 AM,2602 S WESTERN AVE,DRIVER,-87.72866342,41.98592799,POINT (-87.72866342 41.98592799)
P251894,06/20/2021 01:15:00 AM,3900 S STATE ST,PASSENGER,-87.62657307,41.82362966,POINT (-87.62657307 41.82362966)
O1235481,11/27/2021 11:38:00 PM,4400 W CERMAK RD,PEDESTRIAN,-87.73455933,41.8515092,POINT (-87.73455933 41.8515092)
O715980,08/13/2019 10:03:00 AM,799 W 51ST ST,DRIVER,-87.64528,41.801475,POINT (-87.64528 41.801475)
O1449677,10/27/2022 12:30:00 PM,4644 S SACRAMENTO AVE,PEDESTRIAN,-87.699191,41.808656,POINT (-87.699191 41.808656)
O738858,01/27/2019 01:20:00 AM,13000 S AVENUE O,DRIVER,-87.54003,41.659043,POINT (-87.54003 41.659043)
O989412,11/05/2020 11:05:00 PM,4033 W FULLERTON AVE,DRIVER,-87.77393,41.876374,POINT (-87.77393 41.876374)
O1160020,08/11/2021 10:50:00 PM,9500 S DORCHESTER,DRIVER,-87.59079881,41.72219098,POINT (-87.59079881 41.72219098)
O1359859,06/02/2022 05:40:00 PM,2206 W EASTWOOD AVE,PEDESTRIAN,-87.68432082,41.96604151,POINT (-87.68432082 41.96604151)
P148464,05/24/2019 11:17:00 PM,2634 E 126TH ST,PASSENGER,-87.55865,41.666288,POINT (-87.55865 41.666288)
P340960,03/26/2023 09:16:00 AM,13000 S EVANS AVE,PASSENGER,-87.6035523,41.65912962,POINT (-87.6035523 41.65912962)
O1189531,09/21/2021 01:30:00 PM,3600 S CALIFORNIA AVE,PEDESTRIAN,-87.69490963,41.82822428,POINT (-87.69490963 41.82822428)
O773263,11/02/2019 01:08:00 PM,5 E CONGRESS PKWY,PEDESTRIAN,-87.6276,41.8755682,POINT (-87.6276 41.8755682)
O1481201,12/15/2022 05:50:00 AM,2616 S PULASKI RD,PEDESTRIAN,-87.72455538,41.84425487,POINT (-87.72455538 41.84425487)
O1122355,06/20/2021 12:25:00 AM,410 N CICERO AVE,DRIVER,-87.74571338,41.88824133,POINT (-87.74571338 41.88824133)
,03/18/2020 04:14:00 PM,REPORTED BY ROSEMONT POLICE DEPARTMENT,DRIVER,-87.88940645,41.99921279,POINT (-87.88940645 41.99921279)
O942990,08/21/2020 06:00:00 PM,5170 S ARCHER AVE,CYCLIST,-87.58719,41.808845,POINT (-87.58719 41.808845)
,05/14/2022 01:50:00 AM,28TH ST AT I-94 NB EX,DRIVER,-87.63075734,41.84300025,POINT (-87.63075734 41.84300025)
P287418,02/28/2022 11:18:00 PM,11100 S COTTAGE GROVE,PASSENGER,-87.61001554,41.69274215,POINT (-87.61001554 41.69274215)
,06/27/2021 04:55:00 PM,"REPORTED BY METRA POLICE, 1431 W 107TH ST",PASSENGER,-87.65831496,41.69944718,POINT (-87.65831496 41.69944718)
O1322611,04/23/2022 07:55:00 PM,5259 W IRVING PARK RD,MOTORCYCLIST,-87.75948311,41.95316454,POINT (-87.75948311 41.95316454)
O1243901,12/11/2021 12:14:00 AM,3608 47TH ST,DRIVER,-87.71429136,41.80809777,POINT (-87.71429136 41.80809777)
P257290,07/24/2021 02:40:00 AM,600 E 103RD,PASSENGER,-87.60882266,41.70750028,POINT (-87.60882266 41.70750028)
O1429684,09/28/2022 08:53:00 PM,3175 W 31ST STREET,DRIVER,-87.70475666,41.8371248,POINT (-87.70475666 41.8371248)
O1396578,08/10/2022 09:05:00 PM,6317 N CICERO AVE,PEDESTRIAN,-87.74819308,41.99616329,POINT (-87.74819308 41.99616329)
P179684,11/17/2019 03:17:00 AM,400 E RANDOLPH ST,DRIVER,-87.61725,41.884646,POINT (-87.61725 41.884646)
,06/19/2022 01:18:00 AM,1600 W 87TH ST,PASSENGER,-87.66305994,41.73579787,POINT (-87.66305994 41.73579787)
O1168111,08/23/2021 07:45:00 PM,1650 N ELSTON,DRIVER,-87.66325377,41.91197223,POINT (-87.66325377 41.91197223)
P329668,12/30/2022 02:29:00 AM,10957 S PERRY AVE,PASSENGER,-87.62556098,41.69484421,POINT (-87.62556098 41.69484421)
O867137,03/28/2020 06:47:00 PM,1305 N LARAMIE AVE,PEDESTRIAN,-87.75567,41.904267,POINT (-87.75567 41.904267)
P217370,09/06/2020 03:20:00 AM,1000 N LAKE SHORE DR NB,DRIVER,-87.60938,41.839965,POINT (-87.60938 41.839965)
O1493132,01/03/2023 05:36:00 AM,15 W 87TH ST,PEDESTRIAN,-87.62501116,41.73617002,POINT (-87.62501116 41.73617002)
O922720,10/20/2019 02:18:00 AM,3402 W IRVING PARK RD,CYCLIST,-87.74195,41.94999,POINT (-87.74195 41.94999)
O1303475,03/21/2022 07:50:00 PM,600 E MORGAN DR,DRIVER,-87.61094754,41.79325819,POINT (-87.61094754 41.79325819)
O1672183,10/01/2023 03:48:00 AM,5945 W NORTH AVE,DRIVER,-87.77499344,41.90915135,POINT (-87.77499344 41.90915135)
O1371918,07/04/2022 03:35:00 AM,3257 S PULASKI RD,PEDESTRIAN,-87.72412903,41.83343126,POINT (-87.72412903 41.83343126)
O703039,07/26/2019 06:55:00 PM,4715 S ASHLAND AVE,PEDESTRIAN,-87.664814,41.80811963,POINT (-87.664814 41.80811963)
O981641,10/22/2020 08:05:00 AM,699 S LAKE SHORE DR NB,DRIVER,-87.61510225,41.75102047,POINT (-87.61510225 41.75102047)
O1000584,11/26/2020 11:03:00 PM,8700 S COTTAGE GROVE AVE,PEDESTRIAN,-87.62058,41.887861,POINT (-87.62058 41.887861)
O1502328,01/20/2023 10:10:00 PM,1900 N ASHLAND AVE,DRIVER,-87.66794735,41.91614728,POINT (-87.66794735 41.91614728)
O1591682,06/05/2023 11:33:00 PM,2600 N PULASKI RD,CYCLIST,-87.72702494,41.92822191,POINT (-87.72702494 41.92822191)
O882908,05/12/2020 07:00:00 PM,3036 W IRVING PARK RD,DRIVER,-87.70465,41.954051,POINT (-87.70465 41.954051)
O928687,07/31/2020 12:12:00 PM,6438 N SHERIDAN RD,PEDESTRIAN,-87.71660108,41.8066509,POINT (-87.71660108 41.8066509)
O809138,11/21/2019 08:45:00 AM,4600 N LAKE SHORE DR,PEDESTRIAN,-87.64748,41.965718,POINT (-87.64748 41.965718)
O1184625,09/15/2021 07:20:00 PM,2947 W LUIS MUNOZ MARIN DR,DRIVER,-87.70193357,41.9034148,POINT (-87.70193357 41.9034148)
O1261870,01/12/2022 08:06:00 PM,6831 S STONY ISLAND AVE,PEDESTRIAN,-87.58582184,41.770584,POINT (-87.58582184 41.770584)
O1645344,08/23/2023 05:33:00 PM,2100 W CERMAK RD,PEDESTRIAN,-87.67841789,41.85224519,POINT (-87.67841789 41.85224519)
P306758,07/14/2022 09:35:00 PM,4331 N  MANNHEIM RD,PASSENGER,-87.884217,41.957599,POINT (-87.884217 41.957599)
O838563,02/08/2020 09:47:00 PM,3200 W JACKSON BLVD,DRIVER,-87.70613,41.877436,POINT (-87.70613 41.877436)
O1019719,01/04/2021 04:50:00 PM,3952 W FULLERTON AVE,PEDESTRIAN,-87.72646,41.924598,POINT (-87.72646 41.924598)
O1521023,02/19/2023 09:08:00 PM,6334 W BRYN MAWR,DRIVER,-87.78666061,41.98300623,POINT (-87.78666061 41.98300623)
O1663722,09/18/2023 07:26:00 AM,2751 W PETERSON AVE,PEDESTRIAN,-87.69908651,41.99033475,POINT (-87.69908651 41.99033475)
O1053810,03/05/2021 08:35:00 AM,5123 S WESTERN,DRIVER,-87.65398,41.800411,POINT (-87.65398 41.800411)
O1244925,12/11/2021 05:54:00 PM,2400 W OGDEN AVE,PEDESTRIAN,-87.68616067,41.86483171,POINT (-87.68616067 41.86483171)
O961610,09/20/2020 05:24:00 AM,930 W GARFIELD BLVD,DRIVER,-87.62446,41.752728,POINT (-87.62446 41.752728)
O1360828,06/29/2022 06:45:00 PM,5890 S ARCHER AVE,PEDESTRIAN,-87.76238839,41.79570028,POINT (-87.76238839 41.79570028)
O1182118,09/12/2021 10:38:00 AM,727 S INDEPENDENCE BLVD,CYCLIST,-87.71956136,41.87176575,POINT (-87.71956136 41.87176575)
O1125801,06/24/2021 11:15:00 PM,1632 E MARQUETTE DR,DRIVER,-87.58485904,41.77536486,POINT (-87.58485904 41.77536486)
P194323,02/25/2020 06:45:00 PM,1020 E 95TH ST,PASSENGER,-87.5988,41.722249,POINT (-87.5988 41.722249)
O1443483,10/18/2022 03:20:00 PM,351 E 103RD ST,PEDESTRIAN,-87.61416259,41.70719854,POINT (-87.61416259 41.70719854)
O1107114,05/31/2021 03:20:00 PM,7010 W GRAND AVE,DRIVER,-87.80124359,41.92366003,POINT (-87.80124359 41.92366003)
O969412,10/02/2020 04:30:00 PM,617 S PULASKI RD,PEDESTRIAN,-87.64937293,41.75067219,POINT (-87.64937293 41.75067219)
O563345,01/14/2019 05:48:00 AM,5900 S CORNELL DR,DRIVER,-87.58535,41.787977,POINT (-87.58535 41.787977)
P229718,12/26/2020 03:12:00 AM,300 E 63RD ST,PASSENGER,-87.58499267,41.72135413,POINT (-87.58499267 41.72135413)
O1346204,05/27/2022 07:01:00 PM,3032 W NORTH AVE,PEDESTRIAN,-87.70351003,41.91027069,POINT (-87.70351003 41.91027069)
O1194219,09/28/2021 09:50:00 AM,8106 S RACINE AVE,PEDESTRIAN,-87.65378117,41.74659471,POINT (-87.65378117 41.74659471)
O1185425,09/16/2021 08:04:00 PM,757 N KEDZIE AVE,PEDESTRIAN,-87.7064046,41.8954079,POINT (-87.7064046 41.8954079)
O981900,10/23/2020 01:09:00 PM,6202 W HIGGINS AVE,CYCLIST,-87.71422519,41.89537021,POINT (-87.71422519 41.89537021)
P166291,08/29/2019 02:20:00 AM,1 S HALSTED ST,PASSENGER,-87.64721,41.881717,POINT (-87.64721 41.881717)
O1550946,04/08/2023 09:48:00 PM,5199 W JACKSON BLVD,PEDESTRIAN,-87.75485109,41.8765507,POINT (-87.75485109 41.8765507)
P205530,06/15/2020 07:07:00 AM,3739 W HARRISON ST,PASSENGER,-87.70463,41.735259,POINT (-87.70463 41.735259)
O644899,05/11/2019 11:14:00 PM,8300 S COTTAGE GROVE AVE,PEDESTRIAN,-87.60517616,41.74387382,POINT (-87.60517616 41.74387382)
O1560097,04/21/2023 10:50:00 PM,3415 N DUSABLE LAKE SHORE DRIVE,PEDESTRIAN,-87.640921,41.944412,POINT (-87.640921 41.944412)
O1284039,02/18/2022 11:14:00 AM,8700 S JEFFERY BLVD,DRIVER,-87.57586271,41.73696313,POINT (-87.57586271 41.73696313)
O1313557,04/08/2022 04:52:00 AM,3532 W 63RD ST,DRIVER,-87.71171973,41.77894241,POINT (-87.71171973 41.77894241)
O1604947,06/24/2023 09:25:00 AM,5658 S NATCHEZ AVE,CYCLIST,-87.7842641,41.7887246,POINT (-87.7842641 41.7887246)
O1162628,08/14/2021 09:33:00 PM,3375 W HARRISON ST,PEDESTRIAN,-87.71071584,41.87351931,POINT (-87.71071584 41.87351931)
P328275,12/18/2022 02:38:00 AM,5044 W LAKE ST,PASSENGER,-87.7521484,41.88712166,POINT (-87.7521484 41.88712166)
P203655,05/31/2020 02:16:00 AM,9500 S JEFFERY AVE,PASSENGER,-87.72802885,41.96292884,POINT (-87.72802885 41.96292884)
O1383749,07/22/2022 12:00:00 AM,2300 S LAKE SHORE DR,DRIVER,-87.61388212,41.85101978,POINT (-87.61388212 41.85101978)
P357116,07/09/2023 05:57:00 AM,4501 S DUSABLE LAKE SHORE DRIVE,PASSENGER,-87.59242353,41.81440018,POINT (-87.59242353 41.81440018)
O1570407,05/07/2023 01:48:00 AM,1000 N CALIFORNIA,CYCLIST,-87.69693873,41.89932699,POINT (-87.69693873 41.89932699)
P316722,09/24/2022 01:15:00 AM,5327 S DUSABLE LAKE SHORE,PASSENGER,-87.58117038,41.79901908,POINT (-87.58117038 41.79901908)
P264086,09/05/2021 07:10:00 PM,7000 N WESTERN AVE,PASSENGER,-87.69031084,42.00867159,POINT (-87.69031084 42.00867159)
O1005928,12/09/2020 03:58:00 AM,4647 S WESTERN AVE,DRIVER,-87.68102,41.692231,POINT (-87.68102 41.692231)
P340880,03/25/2023 07:13:00 AM,4300 N DUSABLE LAKE SHORE DR,PASSENGER,-87.64649795,41.96104836,POINT (-87.64649795 41.96104836)
O946888,08/27/2020 03:20:00 PM,6900 S DAMEN AVE,PEDESTRIAN,-87.64384,41.748731,POINT (-87.64384 41.748731)
O1306483,03/27/2022 10:35:00 PM,3350 S KEDZIE AVE,PEDESTRIAN,-87.7048204,41.8319601,POINT (-87.7048204 41.8319601)
O800965,12/12/2019 07:20:00 PM,10220 S WENTWORTH AVE,DRIVER,-87.62849,41.70827,POINT (-87.62849 41.70827)
P285326,02/11/2022 01:20:00 PM,4313 S ELLIS AVE,PASSENGER,-87.60184365,41.8165693,POINT (-87.60184365 41.8165693)
O1365553,06/24/2022 04:07:00 PM,6246 S AUSTIN AVE,CYCLIST,-87.77165725,41.77829263,POINT (-87.77165725 41.77829263)
O1231872,11/21/2021 11:25:00 PM,9630 S TORRENCE,DRIVER,-87.55998637,41.71987569,POINT (-87.55998637 41.71987569)
O822249,01/14/2020 07:52:00 PM,6120 W DEVON AVE,PEDESTRIAN,-87.78104,41.997515,POINT (-87.78104 41.997515)
O1053786,03/03/2021 09:30:00 PM,8502 S PULASKI RD,PASSENGER,-87.7217,41.73841,POINT (-87.7217 41.73841)
P315741,09/17/2022 02:00:00 AM,5100 S STATE ST,PASSENGER,-87.62603526,41.8018903,POINT (-87.62603526 41.8018903)
O1255431,12/31/2021 04:20:00 PM,5757 W BELMONT AVE,PEDESTRIAN,-87.77121584,41.93840288,POINT (-87.77121584 41.93840288)
O926730,07/27/2020 07:32:00 PM,3401 W NORTH AVE,PEDESTRIAN,-87.72654341,41.90255578,POINT (-87.72654341 41.90255578)
O872421,04/15/2020 07:15:00 PM,5150 S ARCHER AVE,DRIVER,-87.73191,41.800502,POINT (-87.73191 41.800502)
P154083,06/23/2019 06:05:00 PM,2255 W HARRISON ST,PASSENGER,-87.6835,41.873822,POINT (-87.6835 41.873822)
O1380714,07/18/2022 05:19:00 AM,2001 N LARAMIE,DRIVER,-87.7557935,41.91702291,POINT (-87.7557935 41.91702291)
P374263,10/27/2023 09:57:00 PM,5397 S WESTERN AVE,PASSENGER,-87.6839302,41.79535582,POINT (-87.6839302 41.79535582)
O1432983,10/03/2022 01:33:00 PM,4555 N PULASKI RD,PEDESTRIAN,-87.72776604,41.96402748,POINT (-87.72776604 41.96402748)
P326784,11/28/2022 04:50:00 PM,2297 S ARCHER AVE,PASSENGER,-87.63780909,41.85155196,POINT (-87.63780909 41.85155196)
O1653963,09/05/2023 12:11:00 AM,7358 S HALSTED ST,MOTORCYCLIST,-87.64442348,41.75983384,POINT (-87.64442348 41.75983384)
O695499,07/17/2019 02:38:00 AM,805 S CENTRAL AVE,PEDESTRIAN,-87.76413,41.870013,POINT (-87.76413 41.870013)
P338624,02/18/2023 10:58:00 PM,10020 S HALSTED,PASSENGER,-87.64310095,41.71171667,POINT (-87.64310095 41.71171667)
O1100265,05/21/2021 11:00:00 PM,1667 E HAYES DR,DRIVER,-87.58442659,41.7805041,POINT (-87.58442659 41.7805041)
P137497,03/23/2019 03:23:00 AM,1401 E 95TH ST,PASSENGER,-87.5908,41.722151,POINT (-87.5908 41.722151)
O1674479,10/04/2023 08:34:00 AM,4400 W CONGRESS PKWY,PEDESTRIAN,-87.73536536,41.8743399,POINT (-87.73536536 41.8743399)
O1074531,04/11/2021 03:25:00 AM,699 S AUSTIN BLVD,DRIVER,-87.77419205,41.87132519,POINT (-87.77419205 41.87132519)
O876584,04/25/2020 08:34:00 PM,4125 W 31ST ST,PEDESTRIAN,-87.72793,41.836731,POINT (-87.72793 41.836731)
O1686155,10/20/2023 07:27:00 PM,2300 S BLUE ISLAND AVE,MOTORCYCLIST,-87.671071,41.85046066,POINT (-87.671071 41.85046066)
O1105379,05/28/2021 05:20:00 PM,300 S WABASH AVE,PEDESTRIAN,-87.62622894,41.87818171,POINT (-87.62622894 41.87818171)
O768206,10/26/2019 10:10:00 PM,8749 S HALSTED ST,DRIVER,-87.64343,41.734449,POINT (-87.64343 41.734449)
O1174096,09/01/2021 12:15:00 AM,3836 S LAKE SHORE DRIVE BLVD SB,DRIVER,-87.6017337,41.82677716,POINT (-87.6017337 41.82677716)
O1072169,04/07/2021 12:10:00 AM,8220 S KEDZIE AVE,PEDESTRIAN,-87.70236934,41.74366367,POINT (-87.70236934 41.74366367)
O1012353,12/21/2020 11:40:00 AM,901 W 63RD ST,PEDESTRIAN,-87.70247,41.793645,POINT (-87.70247 41.793645)
O1155119,07/04/2021 11:50:00 PM,8200 S STONY ISLAND AVE,DRIVER,-87.58599491,41.74592826,POINT (-87.58599491 41.74592826)
O678151,06/24/2019 06:41:00 PM,8900 S CLYDE AVE,PEDESTRIAN,-87.5733478,41.73334986,POINT (-87.5733478 41.73334986)
O703854,07/27/2019 09:48:00 PM,3731 S LAKE SHORE DR NB,PEDESTRIAN,-87.60337,41.828738,POINT (-87.60337 41.828738)
O929077,07/31/2020 10:56:00 AM,458 W 87TH ST,DRIVER,-87.63672,41.756109,POINT (-87.63672 41.756109)
O1603380,06/22/2023 09:15:00 PM,7777 N SHERIDAN RD,MOTORCYCLIST,-87.66560505,42.02262351,POINT (-87.66560505 42.02262351)
,06/01/2020 07:19:00 PM,2942 W 51ST ST,PEDESTRIAN,-87.6385,41.685014,POINT (-87.6385 41.685014)
,07/09/2020 03:45:00 AM,4047 W CHICAGO AVE,DRIVER,-87.69447,41.990581,POINT (-87.69447 41.990581)
O1190671,09/24/2021 03:08:00 AM,891 S COLUMBUS DR,DRIVER,-87.62039483,41.87080814,POINT (-87.62039483 41.87080814)
O1204987,10/14/2021 05:37:00 AM,1141 S CALIFORNIA AVE,PEDESTRIAN,-87.69577115,41.86707301,POINT (-87.69577115 41.86707301)
O598097,03/07/2019 04:14:00 AM,3048 N CICERO AVE,PEDESTRIAN,-87.74695,41.936661,POINT (-87.74695 41.936661)
O1481050,12/14/2022 07:15:00 PM,1142 S CICERO AVE,PEDESTRIAN,-87.74490349,41.8659742,POINT (-87.74490349 41.8659742)
P260883,08/15/2021 02:13:00 PM,5550 W LEXINGTON ST,PASSENGER,-87.76204388,41.87024936,POINT (-87.76204388 41.87024936)
O1682581,10/15/2023 07:10:00 PM,5600 S RUTHERFORD AVE,CYCLIST,-87.79042916,41.79027526,POINT (-87.79042916 41.79027526)
O1341010,05/19/2022 10:52:00 PM,5359 W IRVING PARK RD,MOTORCYCLIST,-87.76194882,41.95313519,POINT (-87.76194882 41.95313519)
O1263382,01/15/2022 09:52:00 AM,4217 W 47H ST,PASSENGER,-87.72953672,41.80778251,POINT (-87.72953672 41.80778251)
O833782,02/01/2020 07:45:00 PM,1401 S LAKE SHORE DRIVE,PEDESTRIAN,-87.61866,41.864153,POINT (-87.61866 41.864153)
O1221351,11/05/2021 02:59:00 PM,1200 E 95TH ST,DRIVER,-87.5947313,41.7223044,POINT (-87.5947313 41.7223044)
O1272530,01/30/2022 05:20:00 PM,3075 S ARCHER AVE,PEDESTRIAN,-87.6644386,41.83841127,POINT (-87.6644386 41.83841127)
O1468014,11/23/2022 12:33:00 PM,2735 N CENTRAL PARK AVE,DRIVER,-87.71703004,41.93114475,POINT (-87.71703004 41.93114475)
P248660,06/02/2021 12:25:00 AM,200 S LAKE SHORE DR,PASSENGER,-87.61737571,41.87958569,POINT (-87.61737571 41.87958569)
O1532208,03/09/2023 06:16:00 PM,3605 S WESTERN AVE,PEDESTRIAN,-87.68425448,41.82829807,POINT (-87.68425448 41.82829807)
O1437237,09/11/2022 02:29:00 AM,2000 N DUSABLE LAKE SHORE DR,DRIVER,-87.62922482,41.91841623,POINT (-87.62922482 41.91841623)
O635011,04/29/2019 02:08:00 AM,1000 N LAKE SHORE DR NB,DRIVER,-87.61977981,41.90100286,POINT (-87.61977981 41.90100286)
O1217283,10/30/2021 11:38:00 PM,8201 S STONY ISLAND AVE,DRIVER,-87.58525697,41.7459383,POINT (-87.58525697 41.7459383)
O1676576,10/06/2023 08:06:00 PM,1947 W CERMAK RD,PEDESTRIAN,-87.67525922,41.85207592,POINT (-87.67525922 41.85207592)
O1555211,04/14/2023 07:30:00 PM,8850 S COTTAGE GROVE AVE,PEDESTRIAN,-87.60488825,41.73329695,POINT (-87.60488825 41.73329695)
O1443688,10/16/2022 02:47:00 AM,2410 W 47TH ST,PEDESTRIAN,-87.6849422,41.80842354,POINT (-87.6849422 41.80842354)
O882856,05/12/2020 03:57:00 PM,1208 E 83RD ST,DRIVER,-87.59294,41.744224,POINT (-87.59294 41.744224)
,01/03/2022 04:48:00 PM,N CUMBERLAND AVE & W CORAL DR,DRIVER,-87.83678523,41.96369684,POINT (-87.83678523 41.96369684)
O584036,02/13/2019 11:16:00 PM,4300 S DREXEL BLVD,DRIVER,-87.60468,41.816745,POINT (-87.60468 41.816745)
O708920,08/03/2019 03:10:00 PM,9400 S COTTAGE GROVE AVE,PEDESTRIAN,-87.60466,41.724067,POINT (-87.60466 41.724067)
O907194,06/27/2020 02:11:00 AM,4651 W 79TH ST,DRIVER,-87.71451,41.741908,POINT (-87.71451 41.741908)
,06/27/2021 04:55:00 PM,"REPORTED BY METRA POLICE, 1431 W 107TH ST",PASSENGER,-87.65831496,41.69944718,POINT (-87.65831496 41.69944718)
O1149118,07/27/2021 06:20:00 PM,2904 S ARCHER AVE,DRIVER,-87.65794054,41.84178496,POINT (-87.65794054 41.84178496)
O1225889,11/12/2021 05:20:00 PM,6800 N WESTERN AVE,PEDESTRIAN,-87.69021903,42.00507612,POINT (-87.69021903 42.00507612)
O1489736,11/19/2022 11:48:00 PM,6900 S PULASKI RD,DRIVER,-87.72263085,41.76768773,POINT (-87.72263085 41.76768773)
O1491894,12/31/2022 12:42:00 PM,5059 S KEDZIE AVE,CYCLIST,-87.703372,41.801312,POINT (-87.703372 41.801312)
P315692,09/16/2022 07:45:00 PM,4131 S OAKENWALD AVE,PASSENGER,-87.59996787,41.82037607,POINT (-87.59996787 41.82037607)
O869320,04/05/2020 02:11:00 AM,1725 E 67TH ST,PEDESTRIAN,-87.58279,41.773265,POINT (-87.58279 41.773265)
O1330147,05/04/2022 09:20:00 PM,3821 N MILWAUKEE AVE,CYCLIST,-87.7421514,41.95039565,POINT (-87.7421514 41.95039565)
O665922,06/08/2019 09:22:00 PM,421 N PULASKI RD,PASSENGER,-87.72574,41.888533,POINT (-87.72574 41.888533)
O1013247,11/26/2020 10:21:00 PM,5900 S ASHLAND AVE,DRIVER,-87.69817,42.015842,POINT (-87.69817 42.015842)
O1265951,01/19/2022 09:21:00 PM,4242 S INDIANA AVE,DRIVER,-87.62156904,41.81710001,POINT (-87.62156904 41.81710001)
O974813,10/11/2020 04:20:00 AM,4768 S ARCHER AVE,PASSENGER,-87.69162,41.875922,POINT (-87.69162 41.875922)
O1503681,01/23/2023 01:02:00 PM,4500 W 63RD ST,PEDESTRIAN,-87.73502936,41.77862499,POINT (-87.73502936 41.77862499)
O1233703,11/24/2021 09:55:00 AM,1958 N KOSTNER AVE,PEDESTRIAN,-87.73647199,41.91695135,POINT (-87.73647199 41.91695135)
O775752,11/06/2019 06:58:00 AM,3800 N MILWAUKEE AVE,CYCLIST,-87.74195,41.94999,POINT (-87.74195 41.94999)
P253110,06/26/2021 12:10:00 PM,328 W 127TH ST,PASSENGER,-87.63051574,41.66344162,POINT (-87.63051574 41.66344162)
O1431491,10/01/2022 11:01:00 AM,3800 W MADISON,DRIVER,-87.72088123,41.88089727,POINT (-87.72088123 41.88089727)
O1407517,08/27/2022 03:35:00 AM,400 W 26TH ST,CYCLIST,-87.70847223,41.96365679,POINT (-87.70847223 41.96365679)
O743709,09/22/2019 12:00:00 AM,2030 N CICERO AVE,PEDESTRIAN,-87.74629,41.917887,POINT (-87.74629 41.917887)
O1302557,03/17/2022 08:07:00 PM,6000 W GRAND AVE,PEDESTRIAN,-87.77563027,41.92067663,POINT (-87.77563027 41.92067663)
P212634,08/02/2020 08:23:00 PM,5799 S LAKE SHORE DR,PASSENGER,-87.73811,41.960722,POINT (-87.73811 41.960722)
O1600029,06/17/2023 11:05:00 PM,425 W 87TH ST,PASSENGER,-87.63493902,41.73581034,POINT (-87.63493902 41.73581034)
O1652475,09/01/2023 04:15:00 PM,735 N KEDZIE AVE,DRIVER,-87.70638596,41.89478342,POINT (-87.70638596 41.89478342)
O1379959,07/16/2022 02:30:00 PM,9000 S ASHLAND AVE,PEDESTRIAN,-87.66304669,41.73020471,POINT (-87.66304669 41.73020471)
O1473408,12/02/2022 11:38:00 PM,18 N CICERO AVE,PEDESTRIAN,-87.7454464,41.8810884,POINT (-87.7454464 41.8810884)
O1324567,04/26/2022 02:18:00 PM,5955 S PULASKI RD,MOTORCYCLIST,-87.72277079,41.78428898,POINT (-87.72277079 41.78428898)
O954767,09/09/2020 07:50:00 AM,2000 W WARREN BLVD,CYCLIST,-87.74151,41.786812,POINT (-87.74151 41.786812)
P179685,11/17/2019 03:17:00 AM,400 E RANDOLPH ST,PASSENGER,-87.61725,41.884646,POINT (-87.61725 41.884646)
P258673,07/31/2021 10:50:00 PM,7300 S RACINE AVE,PASSENGER,-87.65416583,41.76136917,POINT (-87.65416583 41.76136917)
P328274,12/18/2022 02:38:00 AM,5044 W LAKE ST,PASSENGER,-87.7521484,41.88712166,POINT (-87.7521484 41.88712166)
O1672201,10/01/2023 02:20:00 AM,3959 W FULLERTON AVE,SCOOTER,-87.72670493,41.92437507,POINT (-87.72670493 41.92437507)
O1369140,07/29/2022 06:45:00 PM,2722 W 23RD ST,PEDESTRIAN,-87.69390769,41.85021161,POINT (-87.69390769 41.85021161)
O1161349,08/13/2021 07:50:00 PM,2921 W ROOSEVELT RD,DRIVER,-87.69932698,41.86636266,POINT (-87.69932698 41.86636266)
O655675,05/25/2019 09:56:00 PM,1200 N LARAMIE AVE,PASSENGER,-87.75592,41.902293,POINT (-87.75592 41.902293)
O1122235,06/20/2021 01:15:00 AM,3900 S STATE ST,DRIVER,-87.62657307,41.82362966,POINT (-87.62657307 41.82362966)
O629076,04/13/2019 03:17:00 AM,6038 S PULASKI RD,DRIVER,-87.72303,41.782967,POINT (-87.72303 41.782967)
O1011218,12/19/2020 03:23:00 AM,2000 W AUGUSTA BLVD,DRIVER,-87.61279,41.710885,POINT (-87.61279 41.710885)
O888167,05/23/2020 11:15:00 PM,730 S CICERO AVE,PEDESTRIAN,-87.74507,41.871243,POINT (-87.74507 41.871243)
P342507,04/07/2023 12:52:00 AM,5500 S STATE ST,PASSENGER,-87.62583602,41.79422529,POINT (-87.62583602 41.79422529)
P232406,01/20/2021 09:35:00 PM,4928 S CICERO AVE,PASSENGER,-87.74318,41.803086,POINT (-87.74318 41.803086)
O1139967,07/14/2021 08:00:00 PM,7300 N SACRAMENTO,CYCLIST,-87.70455995,42.01382663,POINT (-87.70455995 42.01382663)
O917341,07/13/2020 02:21:00 AM,1502 S CENTRAL PARK AVE,CYCLIST,-87.7064,41.895237,POINT (-87.7064 41.895237)
O683110,06/30/2019 07:30:00 PM,3416 N PONTIAC AVE,DRIVER,-87.83510477,41.94130489,POINT (-87.83510477 41.94130489)
O802830,12/15/2019 01:38:00 PM,1032 W GARFIELD BLCD,DRIVER,-87.65118,41.794338,POINT (-87.65118 41.794338)
O1523384,02/05/2023 03:58:00 AM,3318 S DUSABLE LAKE SHORE DR,DRIVER,-87.60744132,41.83426196,POINT (-87.60744132 41.83426196)
O1024937,01/11/2021 01:05:00 PM,1100 N LARAMIE AVE,PEDESTRIAN,-87.75588,41.900507,POINT (-87.75588 41.900507)
O901181,06/17/2020 12:53:00 PM,3958 W IOWA ST,DRIVER,-87.60671,41.809485,POINT (-87.60671 41.809485)
O860755,03/11/2020 01:10:00 PM,4508 W 63RD ST,DRIVER,-87.7354,41.778621,POINT (-87.7354 41.778621)
O1118922,06/15/2021 08:34:00 AM,2500 S MILLARD AVE,PEDESTRIAN,-87.71620411,41.84610927,POINT (-87.71620411 41.84610927)
O620618,04/08/2019 12:34:00 PM,3610 W GRAND AVE,PEDESTRIAN,-87.71723256,41.90264416,POINT (-87.71723256 41.90264416)
O573363,01/29/2019 03:25:00 AM,7459 S RACINE AVE,DRIVER,-87.65379,41.757968,POINT (-87.65379 41.757968)
O714194,08/10/2019 07:13:00 PM,405 E 61ST ST,PEDESTRIAN,-87.61547,41.783779,POINT (-87.61547 41.783779)
O1458843,11/10/2022 02:35:00 AM,4590 S COTTAGE GROVE,MOTORCYCLIST,-87.60675334,41.81144347,POINT (-87.60675334 41.81144347)
O1088690,05/04/2021 11:52:00 AM,8828 S ASHLAND AVE,DRIVER,-87.66313654,41.73310602,POINT (-87.66313654 41.73310602)
,02/07/2019 05:43:00 AM,REPORTED BY SUMMIT POLICE DEPARTMENT,PEDESTRIAN,-87.8016,41.79194,POINT (-87.8016 41.79194)
O687331,07/06/2019 12:49:00 AM,1620 S HOMAN AVE,PEDESTRIAN,-87.71046,41.858363,POINT (-87.71046 41.858363)
P272602,10/30/2021 11:38:00 PM,8201 S STONY ISLAND AVE,PASSENGER,-87.58525697,41.7459383,POINT (-87.58525697 41.7459383)
O977715,10/15/2020 10:48:00 PM,1600 S HOMAN AVE,DRIVER,-87.66406,41.735667,POINT (-87.66406 41.735667)
O990324,11/07/2020 09:40:00 AM,2831 N CICERO AVE,DRIVER,-87.71635527,41.8773123,POINT (-87.71635527 41.8773123)
O1186699,09/18/2021 11:34:00 AM,2700 W NORTH AVE,PEDESTRIAN,-87.69460426,41.91035175,POINT (-87.69460426 41.91035175)
O1350268,06/03/2022 04:09:00 AM,9318 S VINCENNES AVE,DRIVER,-87.64967548,41.72445402,POINT (-87.64967548 41.72445402)
O942530,08/21/2020 01:00:00 AM,4840 N LAKE SHORE DR NB,PEDESTRIAN,-87.67377,41.768393,POINT (-87.67377 41.768393)
O1594541,06/09/2023 08:38:00 PM,4701 S DR MARTIN LUTHER KING JR DRIVE,DRIVER,-87.61643967,41.8092952,POINT (-87.61643967 41.8092952)
O1295383,03/10/2022 03:00:00 AM,5026 S LAKE SHORE DR,DRIVER,-87.58211308,41.80357874,POINT (-87.58211308 41.80357874)
,02/12/2020 07:32:00 PM,REPORTED BY HOMETOWN POLICE DEPARTMENT,DRIVER,-87.72137345,41.73490932,POINT (-87.72137345 41.73490932)
P279213,12/18/2021 02:05:00 AM,2650 W LAKE ST,PASSENGER,-87.69327252,41.88447608,POINT (-87.69327252 41.88447608)
O1643156,08/20/2023 09:58:00 PM,5300 W 55TH ST,MOTORCYCLIST,-87.75503841,41.79295797,POINT (-87.75503841 41.79295797)
O1244990,12/12/2021 12:45:00 PM,5301 N DUSABLE LAKE SHORE DR,DRIVER,-87.65088926,41.97833081,POINT (-87.65088926 41.97833081)
O1427351,09/25/2022 06:17:00 AM,9357 S COLFAX AVE,DRIVER,-87.56062435,41.72464073,POINT (-87.56062435 41.72464073)
O1396675,08/11/2022 06:20:00 AM,9899 S AVENUE L,CYCLIST,-87.53633845,41.71589022,POINT (-87.53633845 41.71589022)
O728919,09/01/2019 12:00:00 AM,4550 W LAKE ST,CYCLIST,-87.74016,41.886399,POINT (-87.74016 41.886399)
O1687782,10/23/2023 10:08:00 AM,3402 N OZARK AVE,PEDESTRIAN,-87.82046897,41.94142763,POINT (-87.82046897 41.94142763)
P217371,09/06/2020 03:20:00 AM,1000 N LAKE SHORE DR NB,PASSENGER,-87.60938,41.839965,POINT (-87.60938 41.839965)
O1083456,04/26/2021 07:25:00 PM,1311 E 83RD ST,DRIVER,-87.59239747,41.74401058,POINT (-87.59239747 41.74401058)
O879862,05/05/2020 03:00:00 PM,4700 S ASHLAND AVE,PEDESTRIAN,-87.66511729,41.8085116,POINT (-87.66511729 41.8085116)
O1108070,06/02/2021 12:25:00 AM,200 S LAKE SHORE DR,DRIVER,-87.61737571,41.87958569,POINT (-87.61737571 41.87958569)
O1492570,01/02/2023 10:10:00 PM,7900 S LAFAYETTE AVE,PEDESTRIAN,-87.62596851,41.75089105,POINT (-87.62596851 41.75089105)
O1226715,11/14/2021 03:53:00 AM,5900 S ASHLAND AVE,PEDESTRIAN,-87.66453916,41.78665418,POINT (-87.66453916 41.78665418)
O1149843,07/28/2021 07:14:00 PM,7899 S STONY ISLAND,DRIVER,-87.58546514,41.75151786,POINT (-87.58546514 41.75151786)
O1186500,09/18/2021 02:05:00 AM,340 S CENTRAL PARK,PEDESTRIAN,-87.71587612,41.87587848,POINT (-87.71587612 41.87587848)
O1080607,04/08/2021 09:33:00 PM,3800 W HARRISON ST,PEDESTRIAN,-87.72040656,41.87362412,POINT (-87.72040656 41.87362412)
O647677,05/15/2019 03:25:00 PM,8500 S COTTAGE GROVE AVE,PEDESTRIAN,-87.60507031,41.74017704,POINT (-87.60507031 41.74017704)
P205685,06/17/2020 03:00:00 AM,3300 W 87TH ST,DRIVER,-87.70463,41.735259,POINT (-87.70463 41.735259)
P229093,12/20/2020 04:11:00 AM,2159 S ASHLAND AVE,PASSENGER,-87.61658,41.769426,POINT (-87.61658 41.769426)
O872780,04/16/2020 10:40:00 PM,6900 S STATE ST,DRIVER,-87.62509,41.769104,POINT (-87.62509 41.769104)
O632999,04/26/2019 10:26:00 AM,2110 W 69TH PL,PEDESTRIAN,-87.6765,41.767612,POINT (-87.6765 41.767612)
O679099,06/25/2019 08:46:00 PM,501 S LAKE SHORE DR NB,PEDESTRIAN,-87.61699,41.875762,POINT (-87.61699 41.875762)
O1067830,03/19/2021 11:09:00 PM,614 W MARQUETTE RD,PEDESTRIAN,-87.64032,41.772654,POINT (-87.64032 41.772654)
O919729,07/12/2020 01:50:00 AM,100 E 130TH ST,DRIVER,-87.61491,41.788113,POINT (-87.61491 41.788113)
O915418,07/10/2020 02:55:00 AM,501 S SACRAMENTO BLVD,PEDESTRIAN,-87.72046,41.691095,POINT (-87.72046 41.691095)
O610256,03/24/2019 08:45:00 AM,3600 N OAK PARK AVE,DRIVER,-87.79614,41.945566,POINT (-87.79614 41.945566)
O1142097,07/17/2021 10:30:00 AM,401 E 71ST ST,PEDESTRIAN,-87.61519739,41.7656031,POINT (-87.61519739 41.7656031)
,08/06/2021 04:04:00 PM,"REPORTED BY EXTERNAL POLICE DEPARTMENT, 5715 N NAGLE AVE",DRIVER,-87.78769056,41.98521559,POINT (-87.78769056 41.98521559)
P263312,08/31/2021 08:05:00 PM,1600 E 95TH ST,PASSENGER,-87.58500357,41.72244946,POINT (-87.58500357 41.72244946)
,11/03/2022 06:35:00 PM,S CICERO AVE & S STATE RD,DRIVER,-87.74171127,41.75956277,POINT (-87.74171127 41.75956277)
P347675,10/19/2022 03:20:00 PM,9100 S JEFFERY AVE,PASSENGER,-87.57554061,41.72974108,POINT (-87.57554061 41.72974108)
O1122323,06/20/2021 02:39:00 AM,405 S HOMAN AVE,DRIVER,-87.71067672,41.87531238,POINT (-87.71067672 41.87531238)
O946990,08/27/2020 10:22:00 PM,4800 S LAKE SHORE DR NB,DRIVER,-87.65044,41.976707,POINT (-87.65044 41.976707)
O1174037,08/31/2021 08:05:00 PM,1600 E 95TH ST,DRIVER,-87.58500357,41.72244946,POINT (-87.58500357 41.72244946)
O787161,11/21/2019 06:20:00 PM,8300 S EXCHANGE AVE,PEDESTRIAN,-87.5529,41.744581,POINT (-87.5529 41.744581)
P222810,10/19/2020 10:37:00 PM,2621 W FULLERTON AVE,PASSENGER,-87.78312,41.974871,POINT (-87.78312 41.974871)
O985465,10/28/2020 11:58:00 PM,7900 S DR MARTIN LUTHER KING JR DR,DRIVER,-87.6509,41.867154,POINT (-87.6509 41.867154)
O564489,01/16/2019 05:17:00 AM,5400 S LONG AVE,DRIVER,-87.75761678,41.7945227,POINT (-87.75761678 41.7945227)
O1096876,05/16/2021 07:30:00 PM,3500 S LAKE SHORE DRIVE,DRIVER,-87.60627454,41.83111177,POINT (-87.60627454 41.83111177)
O832962,01/31/2020 03:12:00 PM,6800 S KANST DR,DRIVER,-87.69531,41.770313,POINT (-87.69531 41.770313)
O852152,02/29/2020 12:35:00 AM,3730 W LAKE ST,CYCLIST,-87.7197,41.885242,POINT (-87.7197 41.885242)
O1229896,11/18/2021 10:50:00 PM,101 W ROOSEVELT RD,DRIVER,-87.63048697,41.86726343,POINT (-87.63048697 41.86726343)
O1346212,05/27/2022 08:28:00 PM,2976 W COLUMBUS AVE,PEDESTRIAN,-87.69775607,41.75270075,POINT (-87.69775607 41.75270075)
P230791,12/26/2020 03:12:00 AM,300 E 63RD ST,DRIVER,-87.59296892,41.70203184,POINT (-87.59296892 41.70203184)
P247736,05/27/2021 12:02:00 AM,325 S WESTERN AVE,PASSENGER,-87.68617406,41.87676371,POINT (-87.68617406 41.87676371)
O726045,08/27/2019 12:40:00 PM,3945 W LAKE ST,PEDESTRIAN,-87.72506,41.885323,POINT (-87.72506 41.885323)
O926873,07/28/2020 08:03:00 AM,3401 W OGDEN AVE,DRIVER,-87.66177,41.866806,POINT (-87.66177 41.866806)
O1193471,09/27/2021 06:25:00 PM,4916 N ELSTON AVE,PEDESTRIAN,-87.74319313,41.96983225,POINT (-87.74319313 41.96983225)
O1289162,02/27/2022 01:15:00 AM,4533 W NORTH AVE,DRIVER,-87.74021558,41.90958979,POINT (-87.74021558 41.90958979)
O1578388,05/18/2023 07:15:00 AM,4250 W 87TH ST,DRIVER,-87.72831896,41.73482621,POINT (-87.72831896 41.73482621)
O1021279,01/07/2021 06:44:00 PM,7900 S LAFAYETTE AVE,PEDESTRIAN,-87.62597,41.750891,POINT (-87.62597 41.750891)
O1517525,02/14/2023 02:00:00 PM,1602 W 47TH ST,PEDESTRIAN,-87.66511378,41.8087122,POINT (-87.66511378 41.8087122)
O1393024,08/05/2022 06:34:00 PM,7900 S RACINE AVE,PEDESTRIAN,-87.65388333,41.75047493,POINT (-87.65388333 41.75047493)
O1666247,09/21/2023 10:47:00 PM,5930 S DR MARTIN LUTHER KING DR,PEDESTRIAN,-87.61592649,41.78658071,POINT (-87.61592649 41.78658071)
O767424,10/26/2019 04:30:00 AM,2420 S DR MARTIN LUTHER KING JR DR,DRIVER,-87.61803,41.8487,POINT (-87.61803 41.8487)
O1077264,04/15/2021 11:05:00 PM,146 S WESTERN AVE,DRIVER,-87.68652065,41.87894459,POINT (-87.68652065 41.87894459)
O1105811,05/29/2021 01:48:00 AM,8521 S STONY ISLAND AVE,PEDESTRIAN,-87.58512565,41.73988651,POINT (-87.58512565 41.73988651)
O1185749,09/17/2021 11:50:00 AM,4803 W DIVERSEY AVE,CYCLIST,-87.74679184,41.93142105,POINT (-87.74679184 41.93142105)
O1496531,01/10/2023 11:45:00 PM,3544 W LAKE ST,PEDESTRIAN,-87.71529495,41.88498728,POINT (-87.71529495 41.88498728)
O1263726,01/15/2022 07:17:00 PM,4303 W JACKSON BLVD,PEDESTRIAN,-87.73309551,41.87688519,POINT (-87.73309551 41.87688519)
O1192679,09/26/2021 07:35:00 PM,5600 N HARLEM AVE,DRIVER,-87.80708917,41.9828152,POINT (-87.80708917 41.9828152)
O1467748,11/23/2022 06:41:00 AM,4632 S CALIFORNIA AVE,PEDESTRIAN,-87.69437934,41.8090956,POINT (-87.69437934 41.8090956)
O1164310,08/18/2021 11:09:00 AM,3151 W ROOSEVELT RD,PEDESTRIAN,-87.70518242,41.86630403,POINT (-87.70518242 41.86630403)
,10/20/2022 06:33:00 PM,11900 WOOD ST,DRIVER,-87.66653465,41.67744266,POINT (-87.66653465 41.67744266)
O1389520,07/30/2022 11:50:00 PM,4600 W DIVERSEY,PEDESTRIAN,-87.74199681,41.93170309,POINT (-87.74199681 41.93170309)
O1538924,03/16/2023 01:40:00 PM,3429 W ROOSEVELT RD,DRIVER,-87.71172229,41.86622533,POINT (-87.71172229 41.86622533)
O1255659,01/01/2022 12:30:00 AM,4801 N CICERO AVE,DRIVER,-87.74772596,41.96803051,POINT (-87.74772596 41.96803051)
O845435,02/14/2020 07:26:00 PM,3812 W 111TH ST,PEDESTRIAN,-87.71602,41.69144,POINT (-87.71602 41.69144)
P154082,06/23/2019 06:05:00 PM,2255 W HARRISON ST,PASSENGER,-87.6835,41.873822,POINT (-87.6835 41.873822)
O600653,03/05/2019 03:48:00 PM,5059 S WESTERN AVE,PEDESTRIAN,-87.68408,41.80124,POINT (-87.68408 41.80124)
O892871,06/02/2020 04:30:00 AM,4510 N PULASKI RD,PASSENGER,-87.66911,41.954399,POINT (-87.66911 41.954399)
P212207,07/31/2020 03:43:00 PM,4780 S ARCHER AVE,PASSENGER,-87.72477825,41.84414469,POINT (-87.72477825 41.84414469)
O705540,07/30/2019 08:30:00 AM,4243 W ROOSEVELT RD,DRIVER,-87.73170774,41.8659683,POINT (-87.73170774 41.8659683)
O694565,07/15/2019 07:31:00 PM,6321 S ASHLAND AVE,PEDESTRIAN,-87.66406,41.778815,POINT (-87.66406 41.778815)
O910109,07/02/2020 02:36:00 AM,631 W 115TH ST,DRIVER,-87.70523,41.884404,POINT (-87.70523 41.884404)
P236942,03/03/2021 09:30:00 PM,8502 S PULASKI RD,DRIVER,-87.7217,41.73841,POINT (-87.7217 41.73841)
O1657334,09/09/2023 08:18:00 PM,520 S HAMLIN BLVD,PEDESTRIAN,-87.72052102,41.87379753,POINT (-87.72052102 41.87379753)
O1207368,10/17/2021 07:30:00 PM,3031 S ARCHER AVE,PEDESTRIAN,-87.66218169,41.83947663,POINT (-87.66218169 41.83947663)
O1336074,05/12/2022 08:31:00 PM,7600 W FOREST PRESERVE AVE,MOTORCYCLIST,-87.81707837,41.94921087,POINT (-87.81707837 41.94921087)
P259129,08/03/2021 11:34:00 PM,4537 W ARMITAGE AVE,PASSENGER,-87.74027793,41.91688868,POINT (-87.74027793 41.91688868)
O1408112,07/29/2022 11:59:00 PM,6901 S STONY ISLAND AVE,MOTORCYCLIST,-87.58596259,41.76968488,POINT (-87.58596259 41.76968488)
O762632,10/18/2019 04:11:00 PM,802 W GARFIELD BLVD,PEDESTRIAN,-87.64536048,41.79440996,POINT (-87.64536048 41.79440996)
P182350,12/06/2019 11:35:00 AM,7200 S LOWE AVE,PASSENGER,-87.64019,41.763359,POINT (-87.64019 41.763359)
O1004652,12/05/2020 11:48:00 PM,7401 S CICERO AVE,DRIVER,-87.63158,41.834487,POINT (-87.63158 41.834487)
O969768,10/03/2020 01:52:00 AM,10833 S HALSTED,DRIVER,-87.55847,41.751726,POINT (-87.55847 41.751726)
O1168145,08/23/2021 03:08:00 AM,13000 S TORRENCE AVE,DRIVER,-87.55943274,41.65912619,POINT (-87.55943274 41.65912619)
P290762,03/27/2022 10:15:00 PM,4268 W MONTROSE AVE,PASSENGER,-87.73542802,41.96097183,POINT (-87.73542802 41.96097183)
O1219810,11/03/2021 01:31:00 PM,5957 W TOUHY AVE,DRIVER,-87.77642769,42.01186629,POINT (-87.77642769 42.01186629)
P186358,01/01/2020 11:18:00 PM,1448 W 112TH PL,PASSENGER,-87.65875,41.689427,POINT (-87.65875 41.689427)
O1272866,01/30/2022 02:50:00 AM,4001 S PULASKI RD,DRIVER,-87.72381922,41.81905229,POINT (-87.72381922 41.81905229)
O1040748,02/21/2021 12:10:00 PM,1358 S KEELER AVE,PASSENGER,-87.7301,41.862542,POINT (-87.7301 41.862542)
O736098,09/11/2019 12:00:00 AM,5245 W FULLERTON AVE,PEDESTRIAN,-87.75799,41.923973,POINT (-87.75799 41.923973)
O1131709,07/03/2021 01:30:00 AM,4200 S LAKE SHORE DRIVE,DRIVER,-87.59662067,41.81849736,POINT (-87.59662067 41.81849736)
O1567391,05/03/2023 01:00:00 AM,4750 S PULASKI RD,DRIVER,-87.72368673,41.80635789,POINT (-87.72368673 41.80635789)
O1415621,09/08/2022 11:44:00 AM,710 N MILWAUKEE AVE,DRIVER,-87.6528852,41.89446403,POINT (-87.6528852 41.89446403)
P217431,09/06/2020 04:27:00 AM,3000 S LAKE SHORE DR SB,PASSENGER,-87.70539,41.686628,POINT (-87.70539 41.686628)
O1441230,10/15/2022 12:59:00 PM,2732 W OGDEN AGE,DRIVER,-87.69448806,41.86188597,POINT (-87.69448806 41.86188597)
P338623,02/18/2023 10:58:00 PM,10020 S HALSTED,PASSENGER,-87.64310095,41.71171667,POINT (-87.64310095 41.71171667)
O1604314,06/02/2023 01:00:00 AM,5432 W JACKSON BLVD,DRIVER,-87.76091253,41.87668635,POINT (-87.76091253 41.87668635)
O1317030,04/14/2022 12:40:00 AM,3213 E 106TH ST,DRIVER,-87.54579815,41.70265737,POINT (-87.54579815 41.70265737)
O960267,09/18/2020 07:35:00 AM,1402 E 95TH ST,DRIVER,-87.6155,41.781016,POINT (-87.6155 41.781016)
P328749,12/21/2022 04:25:00 PM,7033 W BELMONT AVE,PASSENGER,-87.80204278,41.9380722,POINT (-87.80204278 41.9380722)
O1326464,04/28/2022 02:12:00 PM,632 N CICERO AVE,MOTORCYCLIST,-87.74586235,41.89231009,POINT (-87.74586235 41.89231009)
O1242236,12/08/2021 06:53:00 AM,6531 63RD ST,PEDESTRIAN,-87.78498869,41.77751202,POINT (-87.78498869 41.77751202)
O1134659,07/07/2021 12:47:00 AM,7103 S ASHLAND AVE,PASSENGER,-87.66364395,41.76480481,POINT (-87.66364395 41.76480481)
,10/23/2023 07:54:00 PM,5115 N DAMEN AVE,CYCLIST,-87.679245,41.975209,POINT (-87.679245 41.975209)
O975453,10/12/2020 07:35:00 AM,5800 N PULASKI RD,DRIVER,-87.64522,41.802543,POINT (-87.64522 41.802543)
O780639,11/13/2019 01:45:00 AM,13615 S TORRENCE AVE,DRIVER,-87.55915,41.647709,POINT (-87.55915 41.647709)
